triplet_id,source_query_id,doc_id,pair_type,query_type,negative_type,negative_score,negative_source_doc_id,negative_source_pair_id,score_sim_query,score_sim_bundle,score_sim_span,score_sim_bridge
l1_de_1409.0575_0000_triplet,l1_de_1409.0575_0000,1409.0575,figure+table,causal_explanation,in_doc_swap,0.2647,1409.0575,,,,,
l1_de_1409.0575_0000_triplet,l1_de_1409.0575_0000,1409.0575,figure+table,causal_explanation,same_type_hard_plus,0.2217,1707.09457,1707.09457_xl_0027,0.1389,0.24,0.0968,0.093
l1_de_1409.0575_0001_triplet,l1_de_1409.0575_0001,1409.0575,figure+table,discrepancy_analysis,in_doc_swap,0.2963,1409.0575,,,,,
l1_de_1409.0575_0001_triplet,l1_de_1409.0575_0001,1409.0575,figure+table,discrepancy_analysis,same_type_hard_plus,0.2029,2103.11320,2103.11320_xl_0142,0.1515,0.213,0.0,0.0893
l1_de_1801.04385_0002_triplet,l1_de_1801.04385_0002,1801.04385,figure+table,causal_explanation,in_doc_swap,0.2564,1801.04385,,,,,
l1_de_1801.04385_0002_triplet,l1_de_1801.04385_0002,1801.04385,figure+table,causal_explanation,same_type_hard_plus,0.2202,2005.07293,2005.07293_xl_0111,0.1429,0.2135,0.0968,0.1071
l1_de_1801.04385_0003_triplet,l1_de_1801.04385_0003,1801.04385,figure+table,discrepancy_analysis,in_doc_swap,0.2564,1801.04385,,,,,
l1_de_1801.04385_0003_triplet,l1_de_1801.04385_0003,1801.04385,figure+table,discrepancy_analysis,same_type_hard_plus,0.219,1707.09457,1707.09457_xl_0027,0.1935,0.2121,0.0,0.0278
l1_de_1809.02208_0004_triplet,l1_de_1809.02208_0004,1809.02208,figure+table,causal_explanation,in_doc_swap,0.8529,1809.02208,,,,,
l1_de_1809.02208_0004_triplet,l1_de_1809.02208_0004,1809.02208,figure+table,causal_explanation,same_type_hard_plus,0.202,1910.10872,1910.10872_xl_0102,0.2143,0.1776,0.0,0.0244
l1_de_1809.02208_0005_triplet,l1_de_1809.02208_0005,1809.02208,figure+table,discrepancy_analysis,in_doc_swap,0.8529,1809.02208,,,,,
l1_de_1809.02208_0005_triplet,l1_de_1809.02208_0005,1809.02208,figure+table,discrepancy_analysis,same_type_hard_plus,0.1874,2005.07293,2005.07293_xl_0122,0.1429,0.2188,0.0357,0.0909
l1_de_1903.08136_0006_triplet,l1_de_1903.08136_0006,1903.08136,figure+table,causal_explanation,in_doc_swap,0.3438,1903.08136,,,,,
l1_de_1903.08136_0006_triplet,l1_de_1903.08136_0006,1903.08136,figure+table,causal_explanation,same_type_hard_plus,0.1964,1707.09457,1707.09457_xl_0027,0.1429,0.1863,0.0294,0.0645
l1_de_1903.08136_0007_triplet,l1_de_1903.08136_0007,1903.08136,figure+table,discrepancy_analysis,in_doc_swap,0.2647,1903.08136,,,,,
l1_de_1903.08136_0007_triplet,l1_de_1903.08136_0007,1903.08136,figure+table,discrepancy_analysis,same_type_hard_plus,0.1912,1804.09301,1804.09301_xl_0060,0.1176,0.236,0.0,0.1
l1_de_1903.08136_0008_triplet,l1_de_1903.08136_0008,1903.08136,figure+table,causal_explanation,in_doc_swap,0.3438,1903.08136,,,,,
l1_de_1903.08136_0008_triplet,l1_de_1903.08136_0008,1903.08136,figure+table,causal_explanation,same_type_hard_plus,0.2187,2109.03952,2109.03952_xl_0161,0.1515,0.219,0.069,0.0976
l1_de_1903.08136_0009_triplet,l1_de_1903.08136_0009,1903.08136,figure+table,discrepancy_analysis,in_doc_swap,0.2647,1903.08136,,,,,
l1_de_1903.08136_0009_triplet,l1_de_1903.08136_0009,1903.08136,figure+table,discrepancy_analysis,same_type_hard_plus,0.2196,1902.03519,1902.03519_xl_0084,0.1212,0.2308,0.12,0.1316
l1_de_1903.08136_0010_triplet,l1_de_1903.08136_0010,1903.08136,figure+table,causal_explanation,in_doc_swap,0.2647,1903.08136,,,,,
l1_de_1903.08136_0010_triplet,l1_de_1903.08136_0010,1903.08136,figure+table,causal_explanation,same_type_hard_plus,0.2369,1409.0575,1409.0575_xl_0003,0.2414,0.1887,0.0,0.0
l1_de_1903.08136_0011_triplet,l1_de_1903.08136_0011,1903.08136,figure+table,discrepancy_analysis,in_doc_swap,0.2647,1903.08136,,,,,
l1_de_1903.08136_0011_triplet,l1_de_1903.08136_0011,1903.08136,figure+table,discrepancy_analysis,same_type_hard_plus,0.2317,1409.0575,1409.0575_xl_0003,0.2258,0.1905,0.0,0.0256
l1_de_1903.10561_0012_triplet,l1_de_1903.10561_0012,1903.10561,figure+table,causal_explanation,in_doc_swap,0.3462,1903.10561,,,,,
l1_de_1903.10561_0012_triplet,l1_de_1903.10561_0012,1903.10561,figure+table,causal_explanation,same_type_hard_plus,0.1661,2103.11320,2103.11320_xl_0134,0.1111,0.2436,0.0,0.0741
l1_de_1903.10561_0013_triplet,l1_de_1903.10561_0013,1903.10561,figure+table,hypothesis_verification,in_doc_swap,0.2581,1903.10561,,,,,
l1_de_1903.10561_0013_triplet,l1_de_1903.10561_0013,1903.10561,figure+table,hypothesis_verification,same_type_hard_plus,0.1803,1809.02208,1809.02208_xl_0073,0.1429,0.1538,0.0833,0.0541
l1_de_1905.10674_0014_triplet,l1_de_1905.10674_0014,1905.10674,figure+table,causal_explanation,in_doc_swap,0.3571,1905.10674,,,,,
l1_de_1905.10674_0014_triplet,l1_de_1905.10674_0014,1905.10674,figure+table,causal_explanation,same_type_hard_plus,0.236,1810.08683,1810.08683_xl_0082,0.1765,0.2136,0.0833,0.1053
l1_de_1905.10674_0016_triplet,l1_de_1905.10674_0016,1905.10674,figure+table,causal_explanation,in_doc_swap,0.375,1905.10674,,,,,
l1_de_1905.10674_0016_triplet,l1_de_1905.10674_0016,1905.10674,figure+table,causal_explanation,same_type_hard_plus,0.2687,1810.08683,1810.08683_xl_0082,0.2353,0.2245,0.087,0.1053
l1_de_1905.10674_0017_triplet,l1_de_1905.10674_0017,1905.10674,figure+table,discrepancy_analysis,in_doc_swap,0.375,1905.10674,,,,,
l1_de_1905.10674_0017_triplet,l1_de_1905.10674_0017,1905.10674,figure+table,discrepancy_analysis,same_type_hard_plus,0.2236,1903.08136,1903.08136_xl_0088,0.1935,0.1875,0.0435,0.0263
l1_de_1905.10674_0018_triplet,l1_de_1905.10674_0018,1905.10674,figure+table,causal_explanation,in_doc_swap,0.4412,1905.10674,,,,,
l1_de_1905.10674_0018_triplet,l1_de_1905.10674_0018,1905.10674,figure+table,causal_explanation,same_type_hard_plus,0.2193,1808.08166,1808.08166_xl_0068,0.1471,0.225,0.125,0.0
l1_de_1905.10674_0019_triplet,l1_de_1905.10674_0019,1905.10674,figure+table,discrepancy_analysis,in_doc_swap,0.4412,1905.10674,,,,,
l1_de_1905.10674_0019_triplet,l1_de_1905.10674_0019,1905.10674,figure+table,discrepancy_analysis,same_type_hard_plus,0.1775,2005.07293,2005.07293_xl_0121,0.0833,0.2427,0.0,0.1311
l1_de_1910.10872_0020_triplet,l1_de_1910.10872_0020,1910.10872,figure+table,discrepancy_analysis,in_doc_swap,0.35,1910.10872,,,,,
l1_de_1910.10872_0020_triplet,l1_de_1910.10872_0020,1910.10872,figure+table,discrepancy_analysis,same_type_hard_plus,0.2231,1409.0575,1409.0575_xl_0005,0.2121,0.1651,0.0,0.04
l1_de_1910.10872_0021_triplet,l1_de_1910.10872_0021,1910.10872,figure+table,causal_explanation,in_doc_swap,0.2927,1910.10872,,,,,
l1_de_1910.10872_0021_triplet,l1_de_1910.10872_0021,1910.10872,figure+table,causal_explanation,same_type_hard_plus,0.1938,1809.02208,1809.02208_xl_0072,0.129,0.2299,0.0,0.0645
l1_de_1910.10872_0022_triplet,l1_de_1910.10872_0022,1910.10872,figure+table,discrepancy_analysis,in_doc_swap,0.1702,1910.10872,,,,,
l1_de_1910.10872_0022_triplet,l1_de_1910.10872_0022,1910.10872,figure+table,discrepancy_analysis,same_type_hard_plus,0.1997,1409.0575,1409.0575_xl_0003,0.1765,0.1682,0.0,0.0
l1_de_1910.10872_0023_triplet,l1_de_1910.10872_0023,1910.10872,figure+table,causal_explanation,in_doc_swap,0.2927,1910.10872,,,,,
l1_de_1910.10872_0023_triplet,l1_de_1910.10872_0023,1910.10872,figure+table,causal_explanation,same_type_hard_plus,0.216,2103.11320,2103.11320_xl_0129,0.1724,0.1792,0.0417,0.0952
l1_de_1910.10872_0024_triplet,l1_de_1910.10872_0024,1910.10872,figure+table,causal_explanation,in_doc_swap,0.1731,1910.10872,,,,,
l1_de_1910.10872_0024_triplet,l1_de_1910.10872_0024,1910.10872,figure+table,causal_explanation,same_type_hard_plus,0.2187,1707.09457,1707.09457_xl_0028,0.1667,0.241,0.0,0.1081
l1_de_1910.10872_0025_triplet,l1_de_1910.10872_0025,1910.10872,figure+table,discrepancy_analysis,in_doc_swap,0.35,1910.10872,,,,,
l1_de_1910.10872_0025_triplet,l1_de_1910.10872_0025,1910.10872,figure+table,discrepancy_analysis,same_type_hard_plus,0.2548,1804.06876,1804.06876_xl_0058,0.1875,0.2376,0.15,0.0714
l1_de_2005.07293_0026_triplet,l1_de_2005.07293_0026,2005.07293,figure+table,discrepancy_analysis,in_doc_swap,0.3023,2005.07293,,,,,
l1_de_2005.07293_0026_triplet,l1_de_2005.07293_0026,2005.07293,figure+table,discrepancy_analysis,same_type_hard_plus,0.2331,1801.04385,1801.04385_xl_0030,0.1765,0.2439,0.0435,0.1042
l1_de_2005.07293_0027_triplet,l1_de_2005.07293_0027,2005.07293,figure+table,causal_explanation,in_doc_swap,0.3023,2005.07293,,,,,
l1_de_2005.07293_0027_triplet,l1_de_2005.07293_0027,2005.07293,figure+table,causal_explanation,same_type_hard_plus,0.1927,2103.11320,2103.11320_xl_0143,0.1111,0.2095,0.0741,0.06
l1_de_2005.07293_0029_triplet,l1_de_2005.07293_0029,2005.07293,figure+table,discrepancy_analysis,in_doc_swap,0.3023,2005.07293,,,,,
l1_de_2005.07293_0029_triplet,l1_de_2005.07293_0029,2005.07293,figure+table,discrepancy_analysis,same_type_hard_plus,0.2421,2103.11320,2103.11320_xl_0143,0.2308,0.2069,0.0,0.0816
l1_de_2103.11320_0030_triplet,l1_de_2103.11320_0030,2103.11320,figure+table,discrepancy_analysis,in_doc_swap,0.4706,2103.11320,,,,,
l1_de_2103.11320_0030_triplet,l1_de_2103.11320_0030,2103.11320,figure+table,discrepancy_analysis,same_type_hard_plus,0.2387,1804.06876,1804.06876_xl_0057,0.2222,0.1875,0.0345,0.0556
l1_de_2103.11320_0031_triplet,l1_de_2103.11320_0031,2103.11320,figure+table,hypothesis_verification,in_doc_swap,0.4706,2103.11320,,,,,
l1_de_2103.11320_0031_triplet,l1_de_2103.11320_0031,2103.11320,figure+table,hypothesis_verification,same_type_hard_plus,0.1935,1805.11202,1805.11202_xl_0064,0.1053,0.2206,0.08,0.0606
l1_de_2103.11320_0034_triplet,l1_de_2103.11320_0034,2103.11320,figure+table,discrepancy_analysis,in_doc_swap,0.4706,2103.11320,,,,,
l1_de_2103.11320_0034_triplet,l1_de_2103.11320_0034,2103.11320,figure+table,discrepancy_analysis,same_type_hard_plus,0.2029,1409.0575,1409.0575_xl_0004,0.1515,0.213,0.0,0.0893
l1_de_2109.03952_0036_triplet,l1_de_2109.03952_0036,2109.03952,figure+table,causal_explanation,in_doc_swap,0.2105,2109.03952,,,,,
l1_de_2109.03952_0036_triplet,l1_de_2109.03952_0036,2109.03952,figure+table,causal_explanation,same_type_hard_plus,0.1871,1409.0575,1409.0575_xl_0003,0.1515,0.1712,0.0,0.0
l1_de_2109.03952_0037_triplet,l1_de_2109.03952_0037,2109.03952,figure+table,discrepancy_analysis,in_doc_swap,0.1765,2109.03952,,,,,
l1_de_2109.03952_0037_triplet,l1_de_2109.03952_0037,2109.03952,figure+table,discrepancy_analysis,same_type_hard_plus,0.2461,1804.06876,1804.06876_xl_0057,0.2414,0.1724,0.0357,0.0526
l1_de_1804.09301_0038_triplet,l1_de_1804.09301_0038,1804.09301,figure+table,causal_explanation,in_doc_swap,0.2432,1804.09301,,,,,
l1_de_1804.09301_0038_triplet,l1_de_1804.09301_0038,1804.09301,figure+table,causal_explanation,same_type_hard_plus,0.2342,2109.03952,2109.03952_xl_0161,0.2121,0.2222,0.0,0.0588
l1_de_1804.09301_0039_triplet,l1_de_1804.09301_0039,1804.09301,figure+table,discrepancy_analysis,in_doc_swap,0.2432,1804.09301,,,,,
l1_de_1804.09301_0039_triplet,l1_de_1804.09301_0039,1804.09301,figure+table,discrepancy_analysis,same_type_hard_plus,0.1783,1611.07438,1611.07438_xl_0014,0.0789,0.2353,0.0435,0.0909
l1_de_2109.03952_0040_triplet,l1_de_2109.03952_0040,2109.03952,figure+table,causal_explanation,in_doc_swap,0.22,2109.03952,,,,,
l1_de_2109.03952_0040_triplet,l1_de_2109.03952_0040,2109.03952,figure+table,causal_explanation,same_type_hard_plus,0.2342,1804.09301,1804.09301_xl_0062,0.2121,0.2222,0.0,0.0588
l1_de_2109.03952_0041_triplet,l1_de_2109.03952_0041,2109.03952,figure+table,discrepancy_analysis,in_doc_swap,0.1765,2109.03952,,,,,
l1_de_2109.03952_0041_triplet,l1_de_2109.03952_0041,2109.03952,figure+table,discrepancy_analysis,same_type_hard_plus,0.2496,1810.08683,1810.08683_xl_0082,0.2143,0.2385,0.0333,0.0882
l1_de_1804.06876_0043_triplet,l1_de_1804.06876_0043,1804.06876,figure+table,hypothesis_verification,in_doc_swap,0.1964,1804.06876,,,,,
l1_de_1804.06876_0043_triplet,l1_de_1804.06876_0043,1804.06876,figure+table,hypothesis_verification,same_type_hard_plus,0.1737,2103.11320,2103.11320_xl_0126,0.1053,0.18,0.037,0.0294
l1_de_1809.02208_0044_triplet,l1_de_1809.02208_0044,1809.02208,figure+table,causal_explanation,in_doc_swap,0.3704,1809.02208,,,,,
l1_de_1809.02208_0044_triplet,l1_de_1809.02208_0044,1809.02208,figure+table,causal_explanation,same_type_hard_plus,0.1971,1801.04385,1801.04385_xl_0032,0.1143,0.2346,0.0435,0.0952
l1_de_1809.02208_0045_triplet,l1_de_1809.02208_0045,1809.02208,figure+table,discrepancy_analysis,in_doc_swap,0.3704,1809.02208,,,,,
l1_de_1809.02208_0045_triplet,l1_de_1809.02208_0045,1809.02208,figure+table,discrepancy_analysis,same_type_hard_plus,0.2188,1707.09457,1707.09457_xl_0027,0.1515,0.2537,0.0,0.1667
l1_de_1409.0575_0046_triplet,l1_de_1409.0575_0046,1409.0575,figure+table,causal_explanation,in_doc_swap,0.2963,1409.0575,,,,,
l1_de_1409.0575_0046_triplet,l1_de_1409.0575_0046,1409.0575,figure+table,causal_explanation,same_type_hard_plus,0.2369,1903.08136,1903.08136_xl_0088,0.2414,0.1887,0.0,0.0
l1_de_1409.0575_0047_triplet,l1_de_1409.0575_0047,1409.0575,figure+table,discrepancy_analysis,in_doc_swap,0.2963,1409.0575,,,,,
l1_de_1409.0575_0047_triplet,l1_de_1409.0575_0047,1409.0575,figure+table,discrepancy_analysis,same_type_hard_plus,0.2317,1903.08136,1903.08136_xl_0088,0.2258,0.1905,0.0,0.0256
l1_de_1603.07025_0048_triplet,l1_de_1603.07025_0048,1603.07025,figure+table,discrepancy_analysis,in_doc_swap,0.4146,1603.07025,,,,,
l1_de_1603.07025_0048_triplet,l1_de_1603.07025_0048,1603.07025,figure+table,discrepancy_analysis,same_type_hard_plus,0.1637,1809.02208,1809.02208_xl_0069,0.0882,0.1892,0.0294,0.0196
l1_de_2005.07293_0050_triplet,l1_de_2005.07293_0050,2005.07293,figure+table,causal_explanation,in_doc_swap,0.9143,2005.07293,,,,,
l1_de_2005.07293_0050_triplet,l1_de_2005.07293_0050,2005.07293,figure+table,causal_explanation,same_type_hard_plus,0.2463,1409.0575,1409.0575_xl_0005,0.2059,0.2182,0.0588,0.1071
l1_de_2005.07293_0051_triplet,l1_de_2005.07293_0051,2005.07293,figure+table,discrepancy_analysis,in_doc_swap,0.9143,2005.07293,,,,,
l1_de_2005.07293_0051_triplet,l1_de_2005.07293_0051,2005.07293,figure+table,discrepancy_analysis,same_type_hard_plus,0.2282,2103.11320,2103.11320_xl_0126,0.1562,0.2568,0.0333,0.1429
l1_de_2005.07293_0052_triplet,l1_de_2005.07293_0052,2005.07293,figure+table,discrepancy_analysis,in_doc_swap,0.3889,2005.07293,,,,,
l1_de_2005.07293_0052_triplet,l1_de_2005.07293_0052,2005.07293,figure+table,discrepancy_analysis,same_type_hard_plus,0.2064,1804.09301,1804.09301_xl_0059,0.1389,0.2041,0.0333,0.1395
l1_de_1409.0575_0056_triplet,l1_de_1409.0575_0056,1409.0575,figure+table,causal_explanation,in_doc_swap,0.4444,1409.0575,,,,,
l1_de_1409.0575_0056_triplet,l1_de_1409.0575_0056,1409.0575,figure+table,causal_explanation,same_type_hard_plus,0.2473,1602.05352,1602.05352_xl_0007,0.2353,0.1776,0.0571,0.0444
l1_de_1409.0575_0057_triplet,l1_de_1409.0575_0057,1409.0575,figure+table,discrepancy_analysis,in_doc_swap,0.4324,1409.0575,,,,,
l1_de_1409.0575_0057_triplet,l1_de_1409.0575_0057,1409.0575,figure+table,discrepancy_analysis,same_type_hard_plus,0.2231,1910.10872,1910.10872_xl_0101,0.2121,0.1651,0.0,0.04
l1_de_1611.07438_0059_triplet,l1_de_1611.07438_0059,1611.07438,figure+table,hypothesis_verification,in_doc_swap,0.5,1611.07438,,,,,
l1_de_1611.07438_0059_triplet,l1_de_1611.07438_0059,1611.07438,figure+table,hypothesis_verification,same_type_hard_plus,0.1797,2103.11320,2103.11320_xl_0126,0.1,0.2239,0.0345,0.0303
l1_de_1904.03035_0060_triplet,l1_de_1904.03035_0060,1904.03035,figure+table,causal_explanation,in_doc_swap,0.3421,1904.03035,,,,,
l1_de_1904.03035_0060_triplet,l1_de_1904.03035_0060,1904.03035,figure+table,causal_explanation,same_type_hard_plus,0.1948,1910.10872,1910.10872_xl_0106,0.1667,0.2152,0.0,0.1176
l1_de_1904.03035_0061_triplet,l1_de_1904.03035_0061,1904.03035,figure+table,discrepancy_analysis,in_doc_swap,0.4,1904.03035,,,,,
l1_de_1904.03035_0061_triplet,l1_de_1904.03035_0061,1904.03035,figure+table,discrepancy_analysis,same_type_hard_plus,0.1765,2103.11320,2103.11320_xl_0135,0.1389,0.2021,0.0,0.1111
l1_de_2109.03952_0062_triplet,l1_de_2109.03952_0062,2109.03952,figure+table,causal_explanation,in_doc_swap,0.22,2109.03952,,,,,
l1_de_2109.03952_0062_triplet,l1_de_2109.03952_0062,2109.03952,figure+table,causal_explanation,same_type_hard_plus,0.2303,1805.11202,1805.11202_xl_0064,0.1389,0.241,0.15,0.0645
l1_de_2109.03952_0063_triplet,l1_de_2109.03952_0063,2109.03952,figure+table,discrepancy_analysis,in_doc_swap,0.1765,2109.03952,,,,,
l1_de_2109.03952_0063_triplet,l1_de_2109.03952_0063,2109.03952,figure+table,discrepancy_analysis,same_type_hard_plus,0.2255,1910.10872,1910.10872_xl_0104,0.1389,0.266,0.0909,0.0909
l1_de_2005.07293_0064_triplet,l1_de_2005.07293_0064,2005.07293,figure+table,discrepancy_analysis,in_doc_swap,0.3913,2005.07293,,,,,
l1_de_2005.07293_0064_triplet,l1_de_2005.07293_0064,2005.07293,figure+table,discrepancy_analysis,same_type_hard_plus,0.2005,1808.08166,1808.08166_xl_0067,0.1429,0.191,0.0526,0.0435
l1_de_2005.07293_0065_triplet,l1_de_2005.07293_0065,2005.07293,figure+table,hypothesis_verification,in_doc_swap,0.383,2005.07293,,,,,
l1_de_2005.07293_0065_triplet,l1_de_2005.07293_0065,2005.07293,figure+table,hypothesis_verification,same_type_hard_plus,0.1876,1905.10674,1905.10674_xl_0092,0.1818,0.2198,0.0741,0.1034
l1_de_2005.07293_0066_triplet,l1_de_2005.07293_0066,2005.07293,figure+table,discrepancy_analysis,in_doc_swap,0.4444,2005.07293,,,,,
l1_de_2005.07293_0066_triplet,l1_de_2005.07293_0066,2005.07293,figure+table,discrepancy_analysis,same_type_hard_plus,0.1903,1409.0575,1409.0575_xl_0004,0.0811,0.2273,0.0833,0.1379
l1_de_2005.07293_0067_triplet,l1_de_2005.07293_0067,2005.07293,figure+table,hypothesis_verification,in_doc_swap,0.3889,2005.07293,,,,,
l1_de_2005.07293_0067_triplet,l1_de_2005.07293_0067,2005.07293,figure+table,hypothesis_verification,same_type_hard_plus,0.2066,1808.08166,1808.08166_xl_0067,0.1212,0.2297,0.08,0.0833
l1_de_2103.11320_0070_triplet,l1_de_2103.11320_0070,2103.11320,figure+table,discrepancy_analysis,in_doc_swap,0.8438,2103.11320,,,,,
l1_de_2103.11320_0070_triplet,l1_de_2103.11320_0070,2103.11320,figure+table,discrepancy_analysis,same_type_hard_plus,0.2179,1804.09301,1804.09301_xl_0059,0.1765,0.2188,0.0,0.0976
l1_de_2103.11320_0071_triplet,l1_de_2103.11320_0071,2103.11320,figure+table,causal_explanation,in_doc_swap,0.2667,2103.11320,,,,,
l1_de_2103.11320_0071_triplet,l1_de_2103.11320_0071,2103.11320,figure+table,causal_explanation,same_type_hard_plus,0.2177,1905.10674,1905.10674_xl_0093,0.2857,0.1735,0.0417,0.0256
l1_de_2103.11320_0072_triplet,l1_de_2103.11320_0072,2103.11320,figure+table,causal_explanation,in_doc_swap,0.4048,2103.11320,,,,,
l1_de_2103.11320_0072_triplet,l1_de_2103.11320_0072,2103.11320,figure+table,causal_explanation,same_type_hard_plus,0.2059,1801.04385,1801.04385_xl_0031,0.1429,0.1855,0.0714,0.0769
l1_de_2103.11320_0073_triplet,l1_de_2103.11320_0073,2103.11320,figure+table,discrepancy_analysis,in_doc_swap,0.2667,2103.11320,,,,,
l1_de_2103.11320_0073_triplet,l1_de_2103.11320_0073,2103.11320,figure+table,discrepancy_analysis,same_type_hard_plus,0.2421,2005.07293,2005.07293_xl_0123,0.2308,0.2069,0.0,0.0816
l1_de_1611.07509_0074_triplet,l1_de_1611.07509_0074,1611.07509,figure+table,causal_explanation,in_doc_swap,0.2424,1611.07509,,,,,
l1_de_1611.07509_0074_triplet,l1_de_1611.07509_0074,1611.07509,figure+table,causal_explanation,same_type_hard_plus,0.1901,1805.11202,1805.11202_xl_0064,0.1429,0.2254,0.0645,0.04
l1_de_1611.07509_0075_triplet,l1_de_1611.07509_0075,1611.07509,figure+table,discrepancy_analysis,in_doc_swap,0.2857,1611.07509,,,,,
l1_de_1611.07509_0075_triplet,l1_de_1611.07509_0075,1611.07509,figure+table,discrepancy_analysis,same_type_hard_plus,0.1749,1903.08136,1903.08136_xl_0087,0.0857,0.2353,0.0833,0.1429
l1_de_1901.10436_0076_triplet,l1_de_1901.10436_0076,1901.10436,figure+table,causal_explanation,in_doc_swap,0.5185,1901.10436,,,,,
l1_de_1901.10436_0076_triplet,l1_de_1901.10436_0076,1901.10436,figure+table,causal_explanation,same_type_hard_plus,0.2122,1707.09457,1707.09457_xl_0028,0.1667,0.2208,0.0,0.0833
l1_de_1801.04385_0079_triplet,l1_de_1801.04385_0079,1801.04385,figure+table,discrepancy_analysis,in_doc_swap,0.3125,1801.04385,,,,,
l1_de_1801.04385_0079_triplet,l1_de_1801.04385_0079,1801.04385,figure+table,discrepancy_analysis,same_type_hard_plus,0.2034,2005.07293,2005.07293_xl_0111,0.1429,0.2,0.069,0.0213
l1_de_1602.05352_0080_triplet,l1_de_1602.05352_0080,1602.05352,figure+table,causal_explanation,in_doc_swap,0.25,1602.05352,,,,,
l1_de_1602.05352_0080_triplet,l1_de_1602.05352_0080,1602.05352,figure+table,causal_explanation,same_type_hard_plus,0.2342,1809.10083,1809.10083_xl_0076,0.2258,0.1771,0.0,0.0769
l1_de_1602.05352_0082_triplet,l1_de_1602.05352_0082,1602.05352,figure+table,causal_explanation,in_doc_swap,0.4722,1602.05352,,,,,
l1_de_1602.05352_0082_triplet,l1_de_1602.05352_0082,1602.05352,figure+table,causal_explanation,same_type_hard_plus,0.2473,1409.0575,1409.0575_xl_0005,0.2353,0.1776,0.0571,0.0444
l1_de_1602.05352_0083_triplet,l1_de_1602.05352_0083,1602.05352,figure+table,hypothesis_verification,in_doc_swap,0.4722,1602.05352,,,,,
l1_de_1602.05352_0083_triplet,l1_de_1602.05352_0083,1602.05352,figure+table,hypothesis_verification,same_type_hard_plus,0.1891,1809.02208,1809.02208_xl_0073,0.0811,0.177,0.125,0.1429
l1_de_1707.09457_0084_triplet,l1_de_1707.09457_0084,1707.09457,figure+table,causal_explanation,in_doc_swap,0.5263,1707.09457,,,,,
l1_de_1707.09457_0084_triplet,l1_de_1707.09457_0084,1707.09457,figure+table,causal_explanation,same_type_hard_plus,0.2318,1910.10872,1910.10872_xl_0106,0.1714,0.2152,0.1154,0.0357
l1_de_1707.09457_0085_triplet,l1_de_1707.09457_0085,1707.09457,figure+table,discrepancy_analysis,in_doc_swap,0.6111,1707.09457,,,,,
l1_de_1707.09457_0085_triplet,l1_de_1707.09457_0085,1707.09457,figure+table,discrepancy_analysis,same_type_hard_plus,0.2281,1910.10872,1910.10872_xl_0106,0.1562,0.25,0.0741,0.0909
l1_de_1707.09457_0086_triplet,l1_de_1707.09457_0086,1707.09457,figure+table,causal_explanation,in_doc_swap,0.75,1707.09457,,,,,
l1_de_1707.09457_0086_triplet,l1_de_1707.09457_0086,1707.09457,figure+table,causal_explanation,same_type_hard_plus,0.2427,1910.10872,1910.10872_xl_0106,0.1765,0.2405,0.1111,0.08
l1_de_1707.09457_0087_triplet,l1_de_1707.09457_0087,1707.09457,figure+table,discrepancy_analysis,in_doc_swap,0.8667,1707.09457,,,,,
l1_de_1707.09457_0087_triplet,l1_de_1707.09457_0087,1707.09457,figure+table,discrepancy_analysis,same_type_hard_plus,0.219,1801.04385,1801.04385_xl_0032,0.1935,0.2121,0.0,0.0278
l1_de_1707.09457_0088_triplet,l1_de_1707.09457_0088,1707.09457,figure+table,causal_explanation,in_doc_swap,0.8667,1707.09457,,,,,
l1_de_1707.09457_0088_triplet,l1_de_1707.09457_0088,1707.09457,figure+table,causal_explanation,same_type_hard_plus,0.2261,1804.09301,1804.09301_xl_0060,0.1667,0.3125,0.0,0.0385
l1_de_1707.09457_0089_triplet,l1_de_1707.09457_0089,1707.09457,figure+table,discrepancy_analysis,in_doc_swap,0.8667,1707.09457,,,,,
l1_de_1707.09457_0089_triplet,l1_de_1707.09457_0089,1707.09457,figure+table,discrepancy_analysis,same_type_hard_plus,0.2266,2103.11320,2103.11320_xl_0126,0.1667,0.2676,0.0,0.125
l1_de_2103.11320_0090_triplet,l1_de_2103.11320_0090,2103.11320,figure+table,hypothesis_verification,in_doc_swap,0.3636,2103.11320,,,,,
l1_de_2103.11320_0090_triplet,l1_de_2103.11320_0090,2103.11320,figure+table,hypothesis_verification,same_type_hard_plus,0.1995,1809.02208,1809.02208_xl_0072,0.1389,0.2019,0.0323,0.0769
l1_de_2103.11320_0091_triplet,l1_de_2103.11320_0091,2103.11320,figure+table,causal_explanation,in_doc_swap,0.3636,2103.11320,,,,,
l1_de_2103.11320_0091_triplet,l1_de_2103.11320_0091,2103.11320,figure+table,causal_explanation,same_type_hard_plus,0.2114,1804.09301,1804.09301_xl_0062,0.1471,0.2056,0.087,0.0286
l1_de_2103.11320_0092_triplet,l1_de_2103.11320_0092,2103.11320,figure+table,discrepancy_analysis,in_doc_swap,0.3636,2103.11320,,,,,
l1_de_2103.11320_0092_triplet,l1_de_2103.11320_0092,2103.11320,figure+table,discrepancy_analysis,same_type_hard_plus,0.2127,1707.09457,1707.09457_xl_0027,0.1613,0.1974,0.0588,0.0417
l1_de_2103.11320_0093_triplet,l1_de_2103.11320_0093,2103.11320,figure+table,causal_explanation,in_doc_swap,0.2889,2103.11320,,,,,
l1_de_2103.11320_0093_triplet,l1_de_2103.11320_0093,2103.11320,figure+table,causal_explanation,same_type_hard_plus,0.216,1910.10872,1910.10872_xl_0102,0.1724,0.1792,0.0417,0.0952
l1_de_1801.04385_0094_triplet,l1_de_1801.04385_0094,1801.04385,figure+table,causal_explanation,in_doc_swap,0.25,1801.04385,,,,,
l1_de_1801.04385_0094_triplet,l1_de_1801.04385_0094,1801.04385,figure+table,causal_explanation,same_type_hard_plus,0.2014,2103.11320,2103.11320_xl_0143,0.1562,0.1683,0.0357,0.0556
l1_de_1801.04385_0095_triplet,l1_de_1801.04385_0095,1801.04385,figure+table,discrepancy_analysis,in_doc_swap,0.2647,1801.04385,,,,,
l1_de_1801.04385_0095_triplet,l1_de_1801.04385_0095,1801.04385,figure+table,discrepancy_analysis,same_type_hard_plus,0.2331,2005.07293,2005.07293_xl_0112,0.1765,0.2439,0.0435,0.1042
l1_de_1801.04385_0096_triplet,l1_de_1801.04385_0096,1801.04385,figure+table,causal_explanation,in_doc_swap,0.2222,1801.04385,,,,,
l1_de_1801.04385_0096_triplet,l1_de_1801.04385_0096,1801.04385,figure+table,causal_explanation,same_type_hard_plus,0.2175,1804.06876,1804.06876_xl_0058,0.1765,0.181,0.0476,0.0732
l1_de_1801.04385_0097_triplet,l1_de_1801.04385_0097,1801.04385,figure+table,hypothesis_verification,in_doc_swap,0.2222,1801.04385,,,,,
l1_de_1801.04385_0097_triplet,l1_de_1801.04385_0097,1801.04385,figure+table,hypothesis_verification,same_type_hard_plus,0.1627,1809.02208,1809.02208_xl_0072,0.0833,0.1525,0.069,0.0256
l1_de_2103.11320_0098_triplet,l1_de_2103.11320_0098,2103.11320,figure+table,causal_explanation,in_doc_swap,0.2368,2103.11320,,,,,
l1_de_2103.11320_0098_triplet,l1_de_2103.11320_0098,2103.11320,figure+table,causal_explanation,same_type_hard_plus,0.2066,1810.08683,1810.08683_xl_0082,0.1351,0.2212,0.0833,0.0238
l1_de_2103.11320_0100_triplet,l1_de_2103.11320_0100,2103.11320,figure+table,causal_explanation,in_doc_swap,0.2143,2103.11320,,,,,
l1_de_2103.11320_0100_triplet,l1_de_2103.11320_0100,2103.11320,figure+table,causal_explanation,same_type_hard_plus,0.1823,2109.03952,2109.03952_xl_0158,0.1143,0.2,0.0,0.1034
l1_de_2103.11320_0101_triplet,l1_de_2103.11320_0101,2103.11320,figure+table,discrepancy_analysis,in_doc_swap,0.2424,2103.11320,,,,,
l1_de_2103.11320_0101_triplet,l1_de_2103.11320_0101,2103.11320,figure+table,discrepancy_analysis,same_type_hard_plus,0.1845,1910.10872,1910.10872_xl_0105,0.1111,0.1748,0.0312,0.122
l1_de_2103.11320_0102_triplet,l1_de_2103.11320_0102,2103.11320,figure+table,causal_explanation,in_doc_swap,0.2619,2103.11320,,,,,
l1_de_2103.11320_0102_triplet,l1_de_2103.11320_0102,2103.11320,figure+table,causal_explanation,same_type_hard_plus,0.2017,2109.03952,2109.03952_xl_0158,0.1176,0.2095,0.0455,0.1724
l1_de_2103.11320_0103_triplet,l1_de_2103.11320_0103,2103.11320,figure+table,discrepancy_analysis,in_doc_swap,0.2619,2103.11320,,,,,
l1_de_2103.11320_0103_triplet,l1_de_2103.11320_0103,2103.11320,figure+table,discrepancy_analysis,same_type_hard_plus,0.2151,1903.08136,1903.08136_xl_0088,0.1429,0.2165,0.0769,0.0968
l1_de_1804.06876_0105_triplet,l1_de_1804.06876_0105,1804.06876,figure+table,discrepancy_analysis,in_doc_swap,0.1395,1804.06876,,,,,
l1_de_1804.06876_0105_triplet,l1_de_1804.06876_0105,1804.06876,figure+table,discrepancy_analysis,same_type_hard_plus,0.2461,2109.03952,2109.03952_xl_0159,0.2414,0.1724,0.0357,0.0526
l1_de_1809.02208_0106_triplet,l1_de_1809.02208_0106,1809.02208,figure+table,hypothesis_verification,in_doc_swap,0.2963,1809.02208,,,,,
l1_de_1809.02208_0106_triplet,l1_de_1809.02208_0106,1809.02208,figure+table,hypothesis_verification,same_type_hard_plus,0.1995,2103.11320,2103.11320_xl_0125,0.1389,0.2019,0.0323,0.0769
l1_de_1809.02208_0107_triplet,l1_de_1809.02208_0107,1809.02208,figure+table,causal_explanation,in_doc_swap,0.2917,1809.02208,,,,,
l1_de_1809.02208_0107_triplet,l1_de_1809.02208_0107,1809.02208,figure+table,causal_explanation,same_type_hard_plus,0.1938,1910.10872,1910.10872_xl_0101,0.129,0.2299,0.0,0.0645
l1_de_1809.02208_0108_triplet,l1_de_1809.02208_0108,1809.02208,figure+table,causal_explanation,in_doc_swap,0.1887,1809.02208,,,,,
l1_de_1809.02208_0108_triplet,l1_de_1809.02208_0108,1809.02208,figure+table,causal_explanation,same_type_hard_plus,0.1835,1910.10872,1910.10872_xl_0103,0.1176,0.1855,0.0238,0.0755
l1_de_1809.02208_0109_triplet,l1_de_1809.02208_0109,1809.02208,figure+table,hypothesis_verification,in_doc_swap,0.2264,1809.02208,,,,,
l1_de_1809.02208_0109_triplet,l1_de_1809.02208_0109,1809.02208,figure+table,hypothesis_verification,same_type_hard_plus,0.1891,1602.05352,1602.05352_xl_0007,0.0811,0.177,0.125,0.1429
l1_de_1611.07438_0110_triplet,l1_de_1611.07438_0110,1611.07438,figure+table,causal_explanation,in_doc_swap,0.381,1611.07438,,,,,
l1_de_1611.07438_0110_triplet,l1_de_1611.07438_0110,1611.07438,figure+table,causal_explanation,same_type_hard_plus,0.2213,1902.03519,1902.03519_xl_0085,0.1818,0.1928,0.04,0.0714
l1_de_1611.07438_0111_triplet,l1_de_1611.07438_0111,1611.07438,figure+table,discrepancy_analysis,in_doc_swap,0.381,1611.07438,,,,,
l1_de_1611.07438_0111_triplet,l1_de_1611.07438_0111,1611.07438,figure+table,discrepancy_analysis,same_type_hard_plus,0.1833,1707.09457,1707.09457_xl_0028,0.0513,0.2969,0.0417,0.1724
l1_de_1804.06876_0112_triplet,l1_de_1804.06876_0112,1804.06876,figure+table,causal_explanation,in_doc_swap,0.2778,1804.06876,,,,,
l1_de_1804.06876_0112_triplet,l1_de_1804.06876_0112,1804.06876,figure+table,causal_explanation,same_type_hard_plus,0.226,1707.09457,1707.09457_xl_0028,0.1935,0.2208,0.0,0.0714
l1_de_1804.06876_0113_triplet,l1_de_1804.06876_0113,1804.06876,figure+table,discrepancy_analysis,in_doc_swap,0.2778,1804.06876,,,,,
l1_de_1804.06876_0113_triplet,l1_de_1804.06876_0113,1804.06876,figure+table,discrepancy_analysis,same_type_hard_plus,0.2548,1910.10872,1910.10872_xl_0103,0.1875,0.2376,0.15,0.0714
l1_de_1804.09301_0114_triplet,l1_de_1804.09301_0114,1804.09301,figure+table,discrepancy_analysis,in_doc_swap,0.2157,1804.09301,,,,,
l1_de_1804.09301_0114_triplet,l1_de_1804.09301_0114,1804.09301,figure+table,discrepancy_analysis,same_type_hard_plus,0.2255,2103.11320,2103.11320_xl_0126,0.1613,0.2588,0.0,0.1556
l1_de_1804.09301_0115_triplet,l1_de_1804.09301_0115,1804.09301,figure+table,causal_explanation,in_doc_swap,0.2157,1804.09301,,,,,
l1_de_1804.09301_0115_triplet,l1_de_1804.09301_0115,1804.09301,figure+table,causal_explanation,same_type_hard_plus,0.218,1804.06876,1804.06876_xl_0058,0.1818,0.2143,0.0,0.075
l1_de_1804.09301_0116_triplet,l1_de_1804.09301_0116,1804.09301,figure+table,causal_explanation,in_doc_swap,0.24,1804.09301,,,,,
l1_de_1804.09301_0116_triplet,l1_de_1804.09301_0116,1804.09301,figure+table,causal_explanation,same_type_hard_plus,0.2397,2005.07293,2005.07293_xl_0111,0.1818,0.2333,0.1,0.0455
l1_de_1804.09301_0117_triplet,l1_de_1804.09301_0117,1804.09301,figure+table,discrepancy_analysis,in_doc_swap,0.2,1804.09301,,,,,
l1_de_1804.09301_0117_triplet,l1_de_1804.09301_0117,1804.09301,figure+table,discrepancy_analysis,same_type_hard_plus,0.2402,1902.03519,1902.03519_xl_0085,0.2059,0.2093,0.0345,0.0938
l1_de_1804.09301_0118_triplet,l1_de_1804.09301_0118,1804.09301,figure+table,causal_explanation,in_doc_swap,0.1765,1804.09301,,,,,
l1_de_1804.09301_0118_triplet,l1_de_1804.09301_0118,1804.09301,figure+table,causal_explanation,same_type_hard_plus,0.206,1707.09457,1707.09457_xl_0027,0.1765,0.1944,0.0,0.027
l1_de_1804.09301_0119_triplet,l1_de_1804.09301_0119,1804.09301,figure+table,discrepancy_analysis,in_doc_swap,0.1765,1804.09301,,,,,
l1_de_1804.09301_0119_triplet,l1_de_1804.09301_0119,1804.09301,figure+table,discrepancy_analysis,same_type_hard_plus,0.1912,1903.08136,1903.08136_xl_0088,0.1389,0.1864,0.0,0.0889
l1_de_1610.02413_0122_triplet,l1_de_1610.02413_0122,1610.02413,figure+formula,causal_explanation,in_doc_swap,0.3462,1610.02413,,,,,
l1_de_1610.02413_0122_triplet,l1_de_1610.02413_0122,1610.02413,figure+formula,causal_explanation,same_type_hard_plus,0.1951,1803.04383,1803.04383_xl_0040,0.1351,0.2,0.0204,0.0769
l1_de_1610.02413_0123_triplet,l1_de_1610.02413_0123,1610.02413,figure+formula,discrepancy_analysis,in_doc_swap,0.2895,1610.02413,,,,,
l1_de_1610.02413_0123_triplet,l1_de_1610.02413_0123,1610.02413,figure+formula,discrepancy_analysis,same_type_hard_plus,0.2054,1703.06856,1703.06856_xl_0017,0.1538,0.2093,0.0256,0.0488
l1_de_1610.02413_0124_triplet,l1_de_1610.02413_0124,1610.02413,figure+formula,causal_explanation,in_doc_swap,0.6667,1610.02413,,,,,
l1_de_1610.02413_0124_triplet,l1_de_1610.02413_0124,1610.02413,figure+formula,causal_explanation,same_type_hard_plus,0.2274,1703.06856,1703.06856_xl_0017,0.1176,0.3396,0.1,0.0476
l1_de_1610.02413_0125_triplet,l1_de_1610.02413_0125,1610.02413,figure+formula,discrepancy_analysis,in_doc_swap,0.9167,1610.02413,,,,,
l1_de_1610.02413_0125_triplet,l1_de_1610.02413_0125,1610.02413,figure+formula,discrepancy_analysis,same_type_hard_plus,0.2728,1703.06856,1703.06856_xl_0019,0.2188,0.2742,0.1212,0.0588
l1_de_1610.02413_0126_triplet,l1_de_1610.02413_0126,1610.02413,figure+formula,causal_explanation,in_doc_swap,0.3462,1610.02413,,,,,
l1_de_1610.02413_0126_triplet,l1_de_1610.02413_0126,1610.02413,figure+formula,causal_explanation,same_type_hard_plus,0.1926,1703.06856,1703.06856_xl_0024,0.1333,0.1954,0.0455,0.0263
l1_de_1610.02413_0127_triplet,l1_de_1610.02413_0127,1610.02413,figure+formula,discrepancy_analysis,in_doc_swap,0.3462,1610.02413,,,,,
l1_de_1610.02413_0127_triplet,l1_de_1610.02413_0127,1610.02413,figure+formula,discrepancy_analysis,same_type_hard_plus,0.2002,1802.08139,1802.08139_xl_0038,0.1212,0.2133,0.0789,0.0606
l1_de_1703.06856_0128_triplet,l1_de_1703.06856_0128,1703.06856,figure+formula,causal_explanation,in_doc_swap,0.7,1703.06856,,,,,
l1_de_1703.06856_0128_triplet,l1_de_1703.06856_0128,1703.06856,figure+formula,causal_explanation,same_type_hard_plus,0.2274,1610.02413,1610.02413_xl_0011,0.1176,0.3396,0.1,0.0476
l1_de_1703.06856_0129_triplet,l1_de_1703.06856_0129,1703.06856,figure+formula,discrepancy_analysis,in_doc_swap,0.7,1703.06856,,,,,
l1_de_1703.06856_0129_triplet,l1_de_1703.06856_0129,1703.06856,figure+formula,discrepancy_analysis,same_type_hard_plus,0.2326,1610.02413,1610.02413_xl_0011,0.1818,0.2778,0.0,0.0857
l1_de_1703.06856_0130_triplet,l1_de_1703.06856_0130,1703.06856,figure+formula,discrepancy_analysis,in_doc_swap,0.6,1703.06856,,,,,
l1_de_1703.06856_0130_triplet,l1_de_1703.06856_0130,1703.06856,figure+formula,discrepancy_analysis,same_type_hard_plus,0.2031,1803.04383,1803.04383_xl_0042,0.1212,0.2917,0.0,0.0909
l1_de_1703.06856_0131_triplet,l1_de_1703.06856_0131,1703.06856,figure+formula,causal_explanation,in_doc_swap,0.7,1703.06856,,,,,
l1_de_1703.06856_0131_triplet,l1_de_1703.06856_0131,1703.06856,figure+formula,causal_explanation,same_type_hard_plus,0.2031,1803.04383,1803.04383_xl_0042,0.1143,0.2667,0.037,0.1042
l1_de_1703.06856_0132_triplet,l1_de_1703.06856_0132,1703.06856,figure+formula,causal_explanation,in_doc_swap,0.4375,1703.06856,,,,,
l1_de_1703.06856_0132_triplet,l1_de_1703.06856_0132,1703.06856,figure+formula,causal_explanation,same_type_hard_plus,0.2272,1610.02413,1610.02413_xl_0011,0.1111,0.2698,0.1667,0.0811
l1_de_1703.06856_0133_triplet,l1_de_1703.06856_0133,1703.06856,figure+formula,discrepancy_analysis,in_doc_swap,0.4138,1703.06856,,,,,
l1_de_1703.06856_0133_triplet,l1_de_1703.06856_0133,1703.06856,figure+formula,discrepancy_analysis,same_type_hard_plus,0.2728,1610.02413,1610.02413_xl_0011,0.2188,0.2742,0.1212,0.0588
l1_de_1703.06856_0134_triplet,l1_de_1703.06856_0134,1703.06856,figure+formula,causal_explanation,in_doc_swap,0.4138,1703.06856,,,,,
l1_de_1703.06856_0134_triplet,l1_de_1703.06856_0134,1703.06856,figure+formula,causal_explanation,same_type_hard_plus,0.2145,1802.08139,1802.08139_xl_0038,0.1471,0.2771,0.0,0.0976
l1_de_1703.06856_0135_triplet,l1_de_1703.06856_0135,1703.06856,figure+formula,causal_explanation,in_doc_swap,0.4375,1703.06856,,,,,
l1_de_1703.06856_0135_triplet,l1_de_1703.06856_0135,1703.06856,figure+formula,causal_explanation,same_type_hard_plus,0.2135,2109.03952,2109.03952_xl_0154,0.1562,0.25,0.0,0.0851
l1_de_1703.06856_0136_triplet,l1_de_1703.06856_0136,1703.06856,figure+formula,causal_explanation,in_doc_swap,0.4375,1703.06856,,,,,
l1_de_1703.06856_0136_triplet,l1_de_1703.06856_0136,1703.06856,figure+formula,causal_explanation,same_type_hard_plus,0.2114,1610.02413,1610.02413_xl_0011,0.0938,0.2951,0.1304,0.0526
l1_de_1703.06856_0137_triplet,l1_de_1703.06856_0137,1703.06856,figure+formula,hypothesis_verification,in_doc_swap,0.4138,1703.06856,,,,,
l1_de_1703.06856_0137_triplet,l1_de_1703.06856_0137,1703.06856,figure+formula,hypothesis_verification,same_type_hard_plus,0.1671,1610.02413,1610.02413_xl_0011,0.129,0.2833,0.075,0.0556
l1_de_1703.06856_0138_triplet,l1_de_1703.06856_0138,1703.06856,figure+formula,causal_explanation,in_doc_swap,0.2157,1703.06856,,,,,
l1_de_1703.06856_0138_triplet,l1_de_1703.06856_0138,1703.06856,figure+formula,causal_explanation,same_type_hard_plus,0.1926,1610.02413,1610.02413_xl_0012,0.1333,0.1954,0.0455,0.0263
l1_de_1809.10083_0140_triplet,l1_de_1809.10083_0140,1809.10083,figure+formula,causal_explanation,in_doc_swap,0.5,1809.10083,,,,,
l1_de_1809.10083_0140_triplet,l1_de_1809.10083_0140,1809.10083,figure+formula,causal_explanation,same_type_hard_plus,0.2235,1906.02589,1906.02589_xl_0096,0.1667,0.2254,0.0488,0.08
l1_de_1809.10083_0142_triplet,l1_de_1809.10083_0142,1809.10083,figure+formula,causal_explanation,in_doc_swap,0.3333,1809.10083,,,,,
l1_de_1809.10083_0142_triplet,l1_de_1809.10083_0142,1809.10083,figure+formula,causal_explanation,same_type_hard_plus,0.2243,1610.02413,1610.02413_xl_0011,0.1562,0.2535,0.0698,0.0465
l1_de_1809.10083_0143_triplet,l1_de_1809.10083_0143,1809.10083,figure+formula,discrepancy_analysis,in_doc_swap,0.3462,1809.10083,,,,,
l1_de_1809.10083_0143_triplet,l1_de_1809.10083_0143,1809.10083,figure+formula,discrepancy_analysis,same_type_hard_plus,0.2091,2109.03952,2109.03952_xl_0153,0.1471,0.2198,0.0545,0.0417
l1_de_1809.10083_0144_triplet,l1_de_1809.10083_0144,1809.10083,figure+formula,causal_explanation,in_doc_swap,0.8,1809.10083,,,,,
l1_de_1809.10083_0144_triplet,l1_de_1809.10083_0144,1809.10083,figure+formula,causal_explanation,same_type_hard_plus,0.22,1803.04383,1803.04383_xl_0040,0.1875,0.1809,0.04,0.0476
l1_de_1809.10083_0145_triplet,l1_de_1809.10083_0145,1809.10083,figure+formula,discrepancy_analysis,in_doc_swap,0.3462,1809.10083,,,,,
l1_de_1809.10083_0145_triplet,l1_de_1809.10083_0145,1809.10083,figure+formula,discrepancy_analysis,same_type_hard_plus,0.2115,1610.02413,1610.02413_xl_0011,0.1176,0.2609,0.1,0.0526
l1_de_1906.02589_0146_triplet,l1_de_1906.02589_0146,1906.02589,figure+formula,causal_explanation,in_doc_swap,0.2333,1906.02589,,,,,
l1_de_1906.02589_0146_triplet,l1_de_1906.02589_0146,1906.02589,figure+formula,causal_explanation,same_type_hard_plus,0.2338,1802.08139,1802.08139_xl_0038,0.1667,0.2558,0.0789,0.0625
l1_de_1906.02589_0147_triplet,l1_de_1906.02589_0147,1906.02589,figure+formula,causal_explanation,in_doc_swap,0.2333,1906.02589,,,,,
l1_de_1906.02589_0147_triplet,l1_de_1906.02589_0147,1906.02589,figure+formula,causal_explanation,same_type_hard_plus,0.245,1802.08139,1802.08139_xl_0038,0.1667,0.25,0.1316,0.0811
l1_de_1906.02589_0150_triplet,l1_de_1906.02589_0150,1906.02589,figure+formula,discrepancy_analysis,in_doc_swap,0.4667,1906.02589,,,,,
l1_de_1906.02589_0150_triplet,l1_de_1906.02589_0150,1906.02589,figure+formula,discrepancy_analysis,same_type_hard_plus,0.1976,2109.03952,2109.03952_xl_0154,0.129,0.2424,0.0278,0.037
l1_de_1910.10872_0152_triplet,l1_de_1910.10872_0152,1910.10872,figure+table,discrepancy_analysis,in_doc_swap,0.3462,1910.10872,,,,,
l1_de_1910.10872_0152_triplet,l1_de_1910.10872_0152,1910.10872,figure+table,discrepancy_analysis,same_type_hard_plus,0.2255,2109.03952,2109.03952_xl_0158,0.1389,0.266,0.0909,0.0909
l1_de_1910.10872_0153_triplet,l1_de_1910.10872_0153,1910.10872,figure+table,causal_explanation,in_doc_swap,0.3462,1910.10872,,,,,
l1_de_1910.10872_0153_triplet,l1_de_1910.10872_0153,1910.10872,figure+table,causal_explanation,same_type_hard_plus,0.1992,2103.11320,2103.11320_xl_0129,0.1515,0.2083,0.0,0.0465
l1_de_1910.10872_0154_triplet,l1_de_1910.10872_0154,1910.10872,figure+table,discrepancy_analysis,in_doc_swap,0.1731,1910.10872,,,,,
l1_de_1910.10872_0154_triplet,l1_de_1910.10872_0154,1910.10872,figure+table,discrepancy_analysis,same_type_hard_plus,0.2182,1707.09457,1707.09457_xl_0027,0.1714,0.2235,0.0,0.1053
l1_de_1910.10872_0156_triplet,l1_de_1910.10872_0156,1910.10872,figure+table,causal_explanation,in_doc_swap,0.1731,1910.10872,,,,,
l1_de_1910.10872_0156_triplet,l1_de_1910.10872_0156,1910.10872,figure+table,causal_explanation,same_type_hard_plus,0.2427,1707.09457,1707.09457_xl_0027,0.1765,0.2405,0.1111,0.08
l1_de_1910.10872_0157_triplet,l1_de_1910.10872_0157,1910.10872,figure+table,discrepancy_analysis,in_doc_swap,0.1731,1910.10872,,,,,
l1_de_1910.10872_0157_triplet,l1_de_1910.10872_0157,1910.10872,figure+table,discrepancy_analysis,same_type_hard_plus,0.2453,1804.06876,1804.06876_xl_0058,0.1935,0.25,0.05,0.1154
l1_de_1802.08139_0159_triplet,l1_de_1802.08139_0159,1802.08139,figure+formula,discrepancy_analysis,in_doc_swap,0.5625,1802.08139,,,,,
l1_de_1802.08139_0159_triplet,l1_de_1802.08139_0159,1802.08139,figure+formula,discrepancy_analysis,same_type_hard_plus,0.1824,1809.10083,1809.10083_xl_0077,0.0811,0.2159,0.0833,0.0816
l1_de_1802.08139_0160_triplet,l1_de_1802.08139_0160,1802.08139,figure+formula,causal_explanation,in_doc_swap,0.3529,1802.08139,,,,,
l1_de_1802.08139_0160_triplet,l1_de_1802.08139_0160,1802.08139,figure+formula,causal_explanation,same_type_hard_plus,0.245,1906.02589,1906.02589_xl_0096,0.1667,0.25,0.1316,0.0811
l1_de_1802.08139_0161_triplet,l1_de_1802.08139_0161,1802.08139,figure+formula,discrepancy_analysis,in_doc_swap,0.5625,1802.08139,,,,,
l1_de_1802.08139_0161_triplet,l1_de_1802.08139_0161,1802.08139,figure+formula,discrepancy_analysis,same_type_hard_plus,0.2002,1610.02413,1610.02413_xl_0012,0.1212,0.2133,0.0789,0.0606
l1_de_1808.08166_0162_triplet,l1_de_1808.08166_0162,1808.08166,figure+table,discrepancy_analysis,in_doc_swap,0.5,1808.08166,,,,,
l1_de_1808.08166_0162_triplet,l1_de_1808.08166_0162,1808.08166,figure+table,discrepancy_analysis,same_type_hard_plus,0.2005,2005.07293,2005.07293_xl_0110,0.1429,0.191,0.0526,0.0435
l1_de_1808.08166_0163_triplet,l1_de_1808.08166_0163,1808.08166,figure+table,hypothesis_verification,in_doc_swap,0.5,1808.08166,,,,,
l1_de_1808.08166_0163_triplet,l1_de_1808.08166_0163,1808.08166,figure+table,hypothesis_verification,same_type_hard_plus,0.2066,2005.07293,2005.07293_xl_0121,0.1212,0.2297,0.08,0.0833
l1_de_1809.10083_0164_triplet,l1_de_1809.10083_0164,1809.10083,figure+table,causal_explanation,in_doc_swap,0.5357,1809.10083,,,,,
l1_de_1809.10083_0164_triplet,l1_de_1809.10083_0164,1809.10083,figure+table,causal_explanation,same_type_hard_plus,0.2342,1602.05352,1602.05352_xl_0006,0.2258,0.1771,0.0,0.0769
l1_de_1809.10083_0167_triplet,l1_de_1809.10083_0167,1809.10083,formula+table,discrepancy_analysis,in_doc_swap,0.3448,1809.10083,,,,,
l1_de_1809.10083_0167_triplet,l1_de_1809.10083_0167,1809.10083,formula+table,discrepancy_analysis,same_type_hard_plus,0.2079,2005.07293,2005.07293_xl_0115,0.1471,0.2326,0.037,0.0465
l1_de_1809.10083_0169_triplet,l1_de_1809.10083_0169,1809.10083,formula+table,hypothesis_verification,in_doc_swap,0.4545,1809.10083,,,,,
l1_de_1809.10083_0169_triplet,l1_de_1809.10083_0169,1809.10083,formula+table,hypothesis_verification,same_type_hard_plus,0.1303,1801.07593,1801.07593_xl_0036,0.0833,0.1923,0.1034,0.0571
l1_de_1902.03519_0170_triplet,l1_de_1902.03519_0170,1902.03519,figure+table,causal_explanation,in_doc_swap,0.3191,1902.03519,,,,,
l1_de_1902.03519_0170_triplet,l1_de_1902.03519_0170,1902.03519,figure+table,causal_explanation,same_type_hard_plus,0.2091,1707.09457,1707.09457_xl_0027,0.1515,0.2135,0.0333,0.0769
l1_de_1902.03519_0171_triplet,l1_de_1902.03519_0171,1902.03519,figure+table,discrepancy_analysis,in_doc_swap,0.3191,1902.03519,,,,,
l1_de_1902.03519_0171_triplet,l1_de_1902.03519_0171,1902.03519,figure+table,discrepancy_analysis,same_type_hard_plus,0.2196,1903.08136,1903.08136_xl_0087,0.1212,0.2308,0.12,0.1316
l1_de_1902.03519_0172_triplet,l1_de_1902.03519_0172,1902.03519,figure+table,causal_explanation,in_doc_swap,0.3191,1902.03519,,,,,
l1_de_1902.03519_0172_triplet,l1_de_1902.03519_0172,1902.03519,figure+table,causal_explanation,same_type_hard_plus,0.2388,1409.0575,1409.0575_xl_0005,0.2121,0.1892,0.0645,0.0513
l1_de_1902.03519_0173_triplet,l1_de_1902.03519_0173,1902.03519,figure+table,discrepancy_analysis,in_doc_swap,0.3191,1902.03519,,,,,
l1_de_1902.03519_0173_triplet,l1_de_1902.03519_0173,1902.03519,figure+table,discrepancy_analysis,same_type_hard_plus,0.2402,1804.09301,1804.09301_xl_0060,0.2059,0.2093,0.0345,0.0938
l1_de_1808.08166_0174_triplet,l1_de_1808.08166_0174,1808.08166,figure+table,causal_explanation,in_doc_swap,0.2667,1808.08166,,,,,
l1_de_1808.08166_0174_triplet,l1_de_1808.08166_0174,1808.08166,figure+table,causal_explanation,same_type_hard_plus,0.2271,2109.03952,2109.03952_xl_0161,0.1818,0.2169,0.0435,0.0741
l1_de_2109.03952_0177_triplet,l1_de_2109.03952_0177,2109.03952,figure+formula,discrepancy_analysis,in_doc_swap,0.2759,2109.03952,,,,,
l1_de_2109.03952_0177_triplet,l1_de_2109.03952_0177,2109.03952,figure+formula,discrepancy_analysis,same_type_hard_plus,0.2091,1809.10083,1809.10083_xl_0077,0.1471,0.2198,0.0545,0.0417
l1_de_2109.03952_0178_triplet,l1_de_2109.03952_0178,2109.03952,figure+formula,discrepancy_analysis,in_doc_swap,0.5789,2109.03952,,,,,
l1_de_2109.03952_0178_triplet,l1_de_2109.03952_0178,2109.03952,figure+formula,discrepancy_analysis,same_type_hard_plus,0.2292,1803.04383,1803.04383_xl_0041,0.1613,0.2469,0.0476,0.1379
l1_de_2109.03952_0179_triplet,l1_de_2109.03952_0179,2109.03952,figure+formula,causal_explanation,in_doc_swap,0.7727,2109.03952,,,,,
l1_de_2109.03952_0179_triplet,l1_de_2109.03952_0179,2109.03952,figure+formula,causal_explanation,same_type_hard_plus,0.2135,1703.06856,1703.06856_xl_0021,0.1562,0.25,0.0,0.0851
l1_de_1802.08139_0182_triplet,l1_de_1802.08139_0182,1802.08139,formula+table,causal_explanation,in_doc_swap,0.8,1802.08139,,,,,
l1_de_1802.08139_0182_triplet,l1_de_1802.08139_0182,1802.08139,formula+table,causal_explanation,same_type_hard_plus,0.2158,2005.07293,2005.07293_xl_0115,0.122,0.2366,0.1429,0.0417
l1_de_1802.08139_0183_triplet,l1_de_1802.08139_0183,1802.08139,formula+table,discrepancy_analysis,in_doc_swap,0.8,1802.08139,,,,,
l1_de_1802.08139_0183_triplet,l1_de_1802.08139_0183,1802.08139,formula+table,discrepancy_analysis,same_type_hard_plus,0.291,2005.07293,2005.07293_xl_0115,0.2667,0.2444,0.1111,0.0769
l1_de_1803.04383_0184_triplet,l1_de_1803.04383_0184,1803.04383,figure+formula,causal_explanation,in_doc_swap,0.3409,1803.04383,,,,,
l1_de_1803.04383_0184_triplet,l1_de_1803.04383_0184,1803.04383,figure+formula,causal_explanation,same_type_hard_plus,0.22,1809.10083,1809.10083_xl_0079,0.1875,0.1809,0.04,0.0476
l1_de_1803.04383_0185_triplet,l1_de_1803.04383_0185,1803.04383,figure+formula,discrepancy_analysis,in_doc_swap,0.3,1803.04383,,,,,
l1_de_1803.04383_0185_triplet,l1_de_1803.04383_0185,1803.04383,figure+formula,discrepancy_analysis,same_type_hard_plus,0.2094,1610.02413,1610.02413_xl_0011,0.1212,0.2436,0.0769,0.0968
l1_de_1803.04383_0186_triplet,l1_de_1803.04383_0186,1803.04383,figure+formula,discrepancy_analysis,in_doc_swap,0.2903,1803.04383,,,,,
l1_de_1803.04383_0186_triplet,l1_de_1803.04383_0186,1803.04383,figure+formula,discrepancy_analysis,same_type_hard_plus,0.2292,2109.03952,2109.03952_xl_0154,0.1613,0.2469,0.0476,0.1379
l1_de_1803.04383_0187_triplet,l1_de_1803.04383_0187,1803.04383,figure+formula,causal_explanation,in_doc_swap,0.2727,1803.04383,,,,,
l1_de_1803.04383_0187_triplet,l1_de_1803.04383_0187,1803.04383,figure+formula,causal_explanation,same_type_hard_plus,0.1742,1809.10083,1809.10083_xl_0077,0.0909,0.2151,0.0,0.1087
l1_de_1803.04383_0188_triplet,l1_de_1803.04383_0188,1803.04383,figure+formula,discrepancy_analysis,in_doc_swap,0.3409,1803.04383,,,,,
l1_de_1803.04383_0188_triplet,l1_de_1803.04383_0188,1803.04383,figure+formula,discrepancy_analysis,same_type_hard_plus,0.2031,1703.06856,1703.06856_xl_0018,0.1212,0.2917,0.0,0.0909
l1_de_1803.04383_0189_triplet,l1_de_1803.04383_0189,1803.04383,figure+formula,causal_explanation,in_doc_swap,0.3333,1803.04383,,,,,
l1_de_1803.04383_0189_triplet,l1_de_1803.04383_0189,1803.04383,figure+formula,causal_explanation,same_type_hard_plus,0.2031,1703.06856,1703.06856_xl_0018,0.1143,0.2667,0.037,0.1042
l1_de_1803.04383_0190_triplet,l1_de_1803.04383_0190,1803.04383,figure+formula,discrepancy_analysis,in_doc_swap,0.6111,1803.04383,,,,,
l1_de_1803.04383_0190_triplet,l1_de_1803.04383_0190,1803.04383,figure+formula,discrepancy_analysis,same_type_hard_plus,0.2021,1703.06856,1703.06856_xl_0018,0.125,0.2209,0.06,0.0851
l1_de_1803.04383_0192_triplet,l1_de_1803.04383_0192,1803.04383,figure+formula,discrepancy_analysis,in_doc_swap,0.4737,1803.04383,,,,,
l1_de_1803.04383_0192_triplet,l1_de_1803.04383_0192,1803.04383,figure+formula,discrepancy_analysis,same_type_hard_plus,0.1925,1703.06856,1703.06856_xl_0018,0.125,0.2135,0.0196,0.0851
l1_de_1803.04383_0193_triplet,l1_de_1803.04383_0193,1803.04383,figure+formula,causal_explanation,in_doc_swap,0.4737,1803.04383,,,,,
l1_de_1803.04383_0193_triplet,l1_de_1803.04383_0193,1803.04383,figure+formula,causal_explanation,same_type_hard_plus,0.1982,2109.03952,2109.03952_xl_0154,0.125,0.2625,0.0213,0.0345
l1_de_1803.04383_0194_triplet,l1_de_1803.04383_0194,1803.04383,figure+formula,discrepancy_analysis,in_doc_swap,0.3,1803.04383,,,,,
l1_de_1803.04383_0194_triplet,l1_de_1803.04383_0194,1803.04383,figure+formula,discrepancy_analysis,same_type_hard_plus,0.227,2109.03952,2109.03952_xl_0154,0.1613,0.2564,0.027,0.1379
l1_de_1803.04383_0198_triplet,l1_de_1803.04383_0198,1803.04383,figure+formula,discrepancy_analysis,in_doc_swap,0.2727,1803.04383,,,,,
l1_de_1803.04383_0198_triplet,l1_de_1803.04383_0198,1803.04383,figure+formula,discrepancy_analysis,same_type_hard_plus,0.194,2109.03952,2109.03952_xl_0154,0.1,0.2532,0.0227,0.1379
l1_de_1803.04383_0202_triplet,l1_de_1803.04383_0202,1803.04383,figure+formula,discrepancy_analysis,in_doc_swap,0.3333,1803.04383,,,,,
l1_de_1803.04383_0202_triplet,l1_de_1803.04383_0202,1803.04383,figure+formula,discrepancy_analysis,same_type_hard_plus,0.1936,1906.02589,1906.02589_xl_0098,0.1212,0.2192,0.0513,0.0323
l1_de_1803.04383_0203_triplet,l1_de_1803.04383_0203,1803.04383,figure+formula,causal_explanation,in_doc_swap,0.3404,1803.04383,,,,,
l1_de_1803.04383_0203_triplet,l1_de_1803.04383_0203,1803.04383,figure+formula,causal_explanation,same_type_hard_plus,0.1987,1906.02589,1906.02589_xl_0096,0.1379,0.2308,0.04,0.0
l1_de_2005.07293_0206_triplet,l1_de_2005.07293_0206,2005.07293,formula+table,causal_explanation,in_doc_swap,0.3673,2005.07293,,,,,
l1_de_2005.07293_0206_triplet,l1_de_2005.07293_0206,2005.07293,formula+table,causal_explanation,same_type_hard_plus,0.2481,1801.07593,1801.07593_xl_0036,0.2,0.2262,0.0909,0.0625
l1_de_2005.07293_0207_triplet,l1_de_2005.07293_0207,2005.07293,formula+table,discrepancy_analysis,in_doc_swap,0.375,2005.07293,,,,,
l1_de_2005.07293_0207_triplet,l1_de_2005.07293_0207,2005.07293,formula+table,discrepancy_analysis,same_type_hard_plus,0.291,1802.08139,1802.08139_xl_0039,0.2667,0.2444,0.1111,0.0769
l1_de_1801.07593_0211_triplet,l1_de_1801.07593_0211,1801.07593,formula+table,discrepancy_analysis,in_doc_swap,0.3056,1801.07593,,,,,
l1_de_1801.07593_0211_triplet,l1_de_1801.07593_0211,1801.07593,formula+table,discrepancy_analysis,same_type_hard_plus,0.2205,2005.07293,2005.07293_xl_0115,0.1765,0.2169,0.0357,0.0556
l1_de_1801.07593_0212_triplet,l1_de_1801.07593_0212,1801.07593,formula+table,causal_explanation,in_doc_swap,0.2667,1801.07593,,,,,
l1_de_1801.07593_0212_triplet,l1_de_1801.07593_0212,1801.07593,formula+table,causal_explanation,same_type_hard_plus,0.2481,2005.07293,2005.07293_xl_0115,0.2,0.2262,0.0909,0.0625
l1_de_1801.07593_0213_triplet,l1_de_1801.07593_0213,1801.07593,formula+table,discrepancy_analysis,in_doc_swap,0.2667,1801.07593,,,,,
l1_de_1801.07593_0213_triplet,l1_de_1801.07593_0213,1801.07593,formula+table,discrepancy_analysis,same_type_hard_plus,0.1918,1802.08139,1802.08139_xl_0039,0.125,0.1954,0.0488,0.0556
l1_de_1805.11202_0216_triplet,l1_de_1805.11202_0216,1805.11202,figure+table,causal_explanation,in_doc_swap,0.4138,1805.11202,,,,,
l1_de_1805.11202_0216_triplet,l1_de_1805.11202_0216,1805.11202,figure+table,causal_explanation,same_type_hard_plus,0.2303,2109.03952,2109.03952_xl_0158,0.1389,0.241,0.15,0.0645
l1_de_1805.11202_0217_triplet,l1_de_1805.11202_0217,1805.11202,figure+table,hypothesis_verification,in_doc_swap,0.1951,1805.11202,,,,,
l1_de_1805.11202_0217_triplet,l1_de_1805.11202_0217,1805.11202,figure+table,hypothesis_verification,same_type_hard_plus,0.1935,2103.11320,2103.11320_xl_0126,0.1053,0.2206,0.08,0.0606
l1_de_1805.11202_0219_triplet,l1_de_1805.11202_0219,1805.11202,figure+table,causal_explanation,in_doc_swap,0.4138,1805.11202,,,,,
l1_de_1805.11202_0219_triplet,l1_de_1805.11202_0219,1805.11202,figure+table,causal_explanation,same_type_hard_plus,0.2154,1810.08683,1810.08683_xl_0082,0.1842,0.2088,0.0,0.0488
l1_de_1810.08683_0220_triplet,l1_de_1810.08683_0220,1810.08683,figure+table,causal_explanation,in_doc_swap,0.2927,1810.08683,,,,,
l1_de_1810.08683_0220_triplet,l1_de_1810.08683_0220,1810.08683,figure+table,causal_explanation,same_type_hard_plus,0.2687,1905.10674,1905.10674_xl_0093,0.2353,0.2245,0.087,0.1053
l1_de_1810.08683_0221_triplet,l1_de_1810.08683_0221,1810.08683,figure+table,discrepancy_analysis,in_doc_swap,0.2927,1810.08683,,,,,
l1_de_1810.08683_0221_triplet,l1_de_1810.08683_0221,1810.08683,figure+table,discrepancy_analysis,same_type_hard_plus,0.2496,2109.03952,2109.03952_xl_0161,0.2143,0.2385,0.0333,0.0882
