triplet_id,source_query_id,doc_id,pair_type,query_type,negative_type,negative_score,negative_source_doc_id,negative_source_pair_id
l1_de_1409.0575_0000_triplet,l1_de_1409.0575_0000,1409.0575,figure+table,causal_explanation,in_doc_swap,0.1574,1409.0575,
l1_de_1409.0575_0000_triplet,l1_de_1409.0575_0000,1409.0575,figure+table,causal_explanation,same_type_hard,0.1989,1707.09457,1707.09457_xl_0027
l1_de_1409.0575_0001_triplet,l1_de_1409.0575_0001,1409.0575,figure+table,discrepancy_analysis,in_doc_swap,0.1798,1409.0575,
l1_de_1409.0575_0001_triplet,l1_de_1409.0575_0001,1409.0575,figure+table,discrepancy_analysis,same_type_hard,0.2028,2103.11320,2103.11320_xl_0142
l1_de_1801.04385_0002_triplet,l1_de_1801.04385_0002,1801.04385,figure+table,causal_explanation,in_doc_swap,0.122,1801.04385,
l1_de_1801.04385_0002_triplet,l1_de_1801.04385_0002,1801.04385,figure+table,causal_explanation,same_type_hard,0.217,1810.08683,1810.08683_xl_0082
l1_de_1801.04385_0003_triplet,l1_de_1801.04385_0003,1801.04385,figure+table,discrepancy_analysis,in_doc_swap,0.122,1801.04385,
l1_de_1801.04385_0003_triplet,l1_de_1801.04385_0003,1801.04385,figure+table,discrepancy_analysis,same_type_hard,0.2374,1707.09457,1707.09457_xl_0027
l1_de_1809.02208_0004_triplet,l1_de_1809.02208_0004,1809.02208,figure+table,causal_explanation,in_doc_swap,0.5895,1809.02208,
l1_de_1809.02208_0004_triplet,l1_de_1809.02208_0004,1809.02208,figure+table,causal_explanation,same_type_hard,0.2508,1910.10872,1910.10872_xl_0102
l1_de_1809.02208_0005_triplet,l1_de_1809.02208_0005,1809.02208,figure+table,discrepancy_analysis,in_doc_swap,0.5895,1809.02208,
l1_de_1809.02208_0005_triplet,l1_de_1809.02208_0005,1809.02208,figure+table,discrepancy_analysis,same_type_hard,0.2002,1902.03519,1902.03519_xl_0085
l1_de_1903.08136_0006_triplet,l1_de_1903.08136_0006,1903.08136,figure+table,causal_explanation,in_doc_swap,0.3053,1903.08136,
l1_de_1903.08136_0006_triplet,l1_de_1903.08136_0006,1903.08136,figure+table,causal_explanation,same_type_hard,0.2239,2005.07293,2005.07293_xl_0111
l1_de_1903.08136_0007_triplet,l1_de_1903.08136_0007,1903.08136,figure+table,discrepancy_analysis,in_doc_swap,0.1538,1903.08136,
l1_de_1903.08136_0007_triplet,l1_de_1903.08136_0007,1903.08136,figure+table,discrepancy_analysis,same_type_hard,0.1784,1804.09301,1804.09301_xl_0060
l1_de_1903.08136_0008_triplet,l1_de_1903.08136_0008,1903.08136,figure+table,causal_explanation,in_doc_swap,0.3053,1903.08136,
l1_de_1903.08136_0008_triplet,l1_de_1903.08136_0008,1903.08136,figure+table,causal_explanation,same_type_hard,0.2092,2109.03952,2109.03952_xl_0161
l1_de_1903.08136_0009_triplet,l1_de_1903.08136_0009,1903.08136,figure+table,discrepancy_analysis,in_doc_swap,0.1538,1903.08136,
l1_de_1903.08136_0009_triplet,l1_de_1903.08136_0009,1903.08136,figure+table,discrepancy_analysis,same_type_hard,0.2298,1409.0575,1409.0575_xl_0003
l1_de_1903.08136_0010_triplet,l1_de_1903.08136_0010,1903.08136,figure+table,causal_explanation,in_doc_swap,0.1538,1903.08136,
l1_de_1903.08136_0010_triplet,l1_de_1903.08136_0010,1903.08136,figure+table,causal_explanation,same_type_hard,0.2713,1409.0575,1409.0575_xl_0003
l1_de_1903.08136_0011_triplet,l1_de_1903.08136_0011,1903.08136,figure+table,discrepancy_analysis,in_doc_swap,0.1538,1903.08136,
l1_de_1903.08136_0011_triplet,l1_de_1903.08136_0011,1903.08136,figure+table,discrepancy_analysis,same_type_hard,0.262,1409.0575,1409.0575_xl_0003
l1_de_1903.10561_0012_triplet,l1_de_1903.10561_0012,1903.10561,figure+table,causal_explanation,in_doc_swap,0.1782,1903.10561,
l1_de_1903.10561_0012_triplet,l1_de_1903.10561_0012,1903.10561,figure+table,causal_explanation,same_type_hard,0.1755,2103.11320,2103.11320_xl_0134
l1_de_1903.10561_0013_triplet,l1_de_1903.10561_0013,1903.10561,figure+table,hypothesis_verification,in_doc_swap,0.12,1903.10561,
l1_de_1903.10561_0013_triplet,l1_de_1903.10561_0013,1903.10561,figure+table,hypothesis_verification,same_type_hard,0.1924,1809.02208,1809.02208_xl_0073
l1_de_1905.10674_0014_triplet,l1_de_1905.10674_0014,1905.10674,figure+table,causal_explanation,in_doc_swap,0.4333,1905.10674,
l1_de_1905.10674_0014_triplet,l1_de_1905.10674_0014,1905.10674,figure+table,causal_explanation,same_type_hard,0.2357,1810.08683,1810.08683_xl_0082
l1_de_1905.10674_0016_triplet,l1_de_1905.10674_0016,1905.10674,figure+table,causal_explanation,in_doc_swap,0.3977,1905.10674,
l1_de_1905.10674_0016_triplet,l1_de_1905.10674_0016,1905.10674,figure+table,causal_explanation,same_type_hard,0.2775,1810.08683,1810.08683_xl_0082
l1_de_1905.10674_0017_triplet,l1_de_1905.10674_0017,1905.10674,figure+table,discrepancy_analysis,in_doc_swap,0.3977,1905.10674,
l1_de_1905.10674_0017_triplet,l1_de_1905.10674_0017,1905.10674,figure+table,discrepancy_analysis,same_type_hard,0.2574,2103.11320,2103.11320_xl_0131
l1_de_1905.10674_0018_triplet,l1_de_1905.10674_0018,1905.10674,figure+table,causal_explanation,in_doc_swap,0.5833,1905.10674,
l1_de_1905.10674_0018_triplet,l1_de_1905.10674_0018,1905.10674,figure+table,causal_explanation,same_type_hard,0.2107,1602.05352,1602.05352_xl_0006
l1_de_1905.10674_0019_triplet,l1_de_1905.10674_0019,1905.10674,figure+table,discrepancy_analysis,in_doc_swap,0.5833,1905.10674,
l1_de_1905.10674_0019_triplet,l1_de_1905.10674_0019,1905.10674,figure+table,discrepancy_analysis,same_type_hard,0.1587,1707.09457,1707.09457_xl_0028
l1_de_1910.10872_0020_triplet,l1_de_1910.10872_0020,1910.10872,figure+table,discrepancy_analysis,in_doc_swap,0.5606,1910.10872,
l1_de_1910.10872_0020_triplet,l1_de_1910.10872_0020,1910.10872,figure+table,discrepancy_analysis,same_type_hard,0.2384,1409.0575,1409.0575_xl_0005
l1_de_1910.10872_0021_triplet,l1_de_1910.10872_0021,1910.10872,figure+table,causal_explanation,in_doc_swap,0.2,1910.10872,
l1_de_1910.10872_0021_triplet,l1_de_1910.10872_0021,1910.10872,figure+table,causal_explanation,same_type_hard,0.1872,1809.02208,1809.02208_xl_0072
l1_de_1910.10872_0022_triplet,l1_de_1910.10872_0022,1910.10872,figure+table,discrepancy_analysis,in_doc_swap,0.124,1910.10872,
l1_de_1910.10872_0022_triplet,l1_de_1910.10872_0022,1910.10872,figure+table,discrepancy_analysis,same_type_hard,0.2231,1409.0575,1409.0575_xl_0003
l1_de_1910.10872_0023_triplet,l1_de_1910.10872_0023,1910.10872,figure+table,causal_explanation,in_doc_swap,0.1667,1910.10872,
l1_de_1910.10872_0023_triplet,l1_de_1910.10872_0023,1910.10872,figure+table,causal_explanation,same_type_hard,0.2508,1809.02208,1809.02208_xl_0069
l1_de_1910.10872_0024_triplet,l1_de_1910.10872_0024,1910.10872,figure+table,causal_explanation,in_doc_swap,0.1961,1910.10872,
l1_de_1910.10872_0024_triplet,l1_de_1910.10872_0024,1910.10872,figure+table,causal_explanation,same_type_hard,0.2167,1707.09457,1707.09457_xl_0028
l1_de_1910.10872_0025_triplet,l1_de_1910.10872_0025,1910.10872,figure+table,discrepancy_analysis,in_doc_swap,0.2396,1910.10872,
l1_de_1910.10872_0025_triplet,l1_de_1910.10872_0025,1910.10872,figure+table,discrepancy_analysis,same_type_hard,0.2335,1804.06876,1804.06876_xl_0058
l1_de_2005.07293_0026_triplet,l1_de_2005.07293_0026,2005.07293,figure+table,discrepancy_analysis,in_doc_swap,0.2024,2005.07293,
l1_de_2005.07293_0026_triplet,l1_de_2005.07293_0026,2005.07293,figure+table,discrepancy_analysis,same_type_hard,0.2172,1801.04385,1801.04385_xl_0030
l1_de_2005.07293_0027_triplet,l1_de_2005.07293_0027,2005.07293,figure+table,causal_explanation,in_doc_swap,0.2024,2005.07293,
l1_de_2005.07293_0027_triplet,l1_de_2005.07293_0027,2005.07293,figure+table,causal_explanation,same_type_hard,0.1737,2103.11320,2103.11320_xl_0143
l1_de_2005.07293_0029_triplet,l1_de_2005.07293_0029,2005.07293,figure+table,discrepancy_analysis,in_doc_swap,0.2024,2005.07293,
l1_de_2005.07293_0029_triplet,l1_de_2005.07293_0029,2005.07293,figure+table,discrepancy_analysis,same_type_hard,0.2669,2103.11320,2103.11320_xl_0143
l1_de_2103.11320_0030_triplet,l1_de_2103.11320_0030,2103.11320,figure+table,discrepancy_analysis,in_doc_swap,0.2698,2103.11320,
l1_de_2103.11320_0030_triplet,l1_de_2103.11320_0030,2103.11320,figure+table,discrepancy_analysis,same_type_hard,0.2537,1804.06876,1804.06876_xl_0057
l1_de_2103.11320_0031_triplet,l1_de_2103.11320_0031,2103.11320,figure+table,hypothesis_verification,in_doc_swap,0.2794,2103.11320,
l1_de_2103.11320_0031_triplet,l1_de_2103.11320_0031,2103.11320,figure+table,hypothesis_verification,same_type_hard,0.1723,1804.09301,1804.09301_xl_0062
l1_de_2103.11320_0034_triplet,l1_de_2103.11320_0034,2103.11320,figure+table,discrepancy_analysis,in_doc_swap,0.338,2103.11320,
l1_de_2103.11320_0034_triplet,l1_de_2103.11320_0034,2103.11320,figure+table,discrepancy_analysis,same_type_hard,0.2028,1409.0575,1409.0575_xl_0004
l1_de_2109.03952_0036_triplet,l1_de_2109.03952_0036,2109.03952,figure+table,causal_explanation,in_doc_swap,0.3043,2109.03952,
l1_de_2109.03952_0036_triplet,l1_de_2109.03952_0036,2109.03952,figure+table,causal_explanation,same_type_hard,0.202,1409.0575,1409.0575_xl_0003
l1_de_2109.03952_0037_triplet,l1_de_2109.03952_0037,2109.03952,figure+table,discrepancy_analysis,in_doc_swap,0.2017,2109.03952,
l1_de_2109.03952_0037_triplet,l1_de_2109.03952_0037,2109.03952,figure+table,discrepancy_analysis,same_type_hard,0.2649,1804.06876,1804.06876_xl_0057
l1_de_1804.09301_0038_triplet,l1_de_1804.09301_0038,1804.09301,figure+table,causal_explanation,in_doc_swap,0.1849,1804.09301,
l1_de_1804.09301_0038_triplet,l1_de_1804.09301_0038,1804.09301,figure+table,causal_explanation,same_type_hard,0.2582,2109.03952,2109.03952_xl_0161
l1_de_1804.09301_0039_triplet,l1_de_1804.09301_0039,1804.09301,figure+table,discrepancy_analysis,in_doc_swap,0.1849,1804.09301,
l1_de_1804.09301_0039_triplet,l1_de_1804.09301_0039,1804.09301,figure+table,discrepancy_analysis,same_type_hard,0.1748,1910.10872,1910.10872_xl_0104
l1_de_2109.03952_0040_triplet,l1_de_2109.03952_0040,2109.03952,figure+table,causal_explanation,in_doc_swap,0.3363,2109.03952,
l1_de_2109.03952_0040_triplet,l1_de_2109.03952_0040,2109.03952,figure+table,causal_explanation,same_type_hard,0.2582,1804.09301,1804.09301_xl_0062
l1_de_2109.03952_0041_triplet,l1_de_2109.03952_0041,2109.03952,figure+table,discrepancy_analysis,in_doc_swap,0.2017,2109.03952,
l1_de_2109.03952_0041_triplet,l1_de_2109.03952_0041,2109.03952,figure+table,discrepancy_analysis,same_type_hard,0.2552,1810.08683,1810.08683_xl_0082
l1_de_1804.06876_0043_triplet,l1_de_1804.06876_0043,1804.06876,figure+table,hypothesis_verification,in_doc_swap,0.126,1804.06876,
l1_de_1804.06876_0043_triplet,l1_de_1804.06876_0043,1804.06876,figure+table,hypothesis_verification,same_type_hard,0.1596,2103.11320,2103.11320_xl_0126
l1_de_1809.02208_0044_triplet,l1_de_1809.02208_0044,1809.02208,figure+table,causal_explanation,in_doc_swap,0.1935,1809.02208,
l1_de_1809.02208_0044_triplet,l1_de_1809.02208_0044,1809.02208,figure+table,causal_explanation,same_type_hard,0.1812,1707.09457,1707.09457_xl_0028
l1_de_1809.02208_0045_triplet,l1_de_1809.02208_0045,1809.02208,figure+table,discrepancy_analysis,in_doc_swap,0.1935,1809.02208,
l1_de_1809.02208_0045_triplet,l1_de_1809.02208_0045,1809.02208,figure+table,discrepancy_analysis,same_type_hard,0.2053,1707.09457,1707.09457_xl_0027
l1_de_1409.0575_0046_triplet,l1_de_1409.0575_0046,1409.0575,figure+table,causal_explanation,in_doc_swap,0.1798,1409.0575,
l1_de_1409.0575_0046_triplet,l1_de_1409.0575_0046,1409.0575,figure+table,causal_explanation,same_type_hard,0.2713,1903.08136,1903.08136_xl_0088
l1_de_1409.0575_0047_triplet,l1_de_1409.0575_0047,1409.0575,figure+table,discrepancy_analysis,in_doc_swap,0.1798,1409.0575,
l1_de_1409.0575_0047_triplet,l1_de_1409.0575_0047,1409.0575,figure+table,discrepancy_analysis,same_type_hard,0.262,1903.08136,1903.08136_xl_0088
l1_de_1603.07025_0048_triplet,l1_de_1603.07025_0048,1603.07025,figure+table,discrepancy_analysis,in_doc_swap,0.25,1603.07025,
l1_de_1603.07025_0048_triplet,l1_de_1603.07025_0048,1603.07025,figure+table,discrepancy_analysis,same_type_hard,0.1559,1809.02208,1809.02208_xl_0069
l1_de_2005.07293_0050_triplet,l1_de_2005.07293_0050,2005.07293,figure+table,causal_explanation,in_doc_swap,0.519,2005.07293,
l1_de_2005.07293_0050_triplet,l1_de_2005.07293_0050,2005.07293,figure+table,causal_explanation,same_type_hard,0.2407,1409.0575,1409.0575_xl_0005
l1_de_2005.07293_0051_triplet,l1_de_2005.07293_0051,2005.07293,figure+table,discrepancy_analysis,in_doc_swap,0.519,2005.07293,
l1_de_2005.07293_0051_triplet,l1_de_2005.07293_0051,2005.07293,figure+table,discrepancy_analysis,same_type_hard,0.212,2103.11320,2103.11320_xl_0126
l1_de_2005.07293_0052_triplet,l1_de_2005.07293_0052,2005.07293,figure+table,discrepancy_analysis,in_doc_swap,0.1613,2005.07293,
l1_de_2005.07293_0052_triplet,l1_de_2005.07293_0052,2005.07293,figure+table,discrepancy_analysis,same_type_hard,0.1916,1809.02208,1809.02208_xl_0069
l1_de_1409.0575_0056_triplet,l1_de_1409.0575_0056,1409.0575,figure+table,causal_explanation,in_doc_swap,0.1967,1409.0575,
l1_de_1409.0575_0056_triplet,l1_de_1409.0575_0056,1409.0575,figure+table,causal_explanation,same_type_hard,0.2562,1602.05352,1602.05352_xl_0007
l1_de_1409.0575_0057_triplet,l1_de_1409.0575_0057,1409.0575,figure+table,discrepancy_analysis,in_doc_swap,0.1776,1409.0575,
l1_de_1409.0575_0057_triplet,l1_de_1409.0575_0057,1409.0575,figure+table,discrepancy_analysis,same_type_hard,0.2384,1910.10872,1910.10872_xl_0101
l1_de_1611.07438_0059_triplet,l1_de_1611.07438_0059,1611.07438,figure+table,hypothesis_verification,in_doc_swap,0.2235,1611.07438,
l1_de_1611.07438_0059_triplet,l1_de_1611.07438_0059,1611.07438,figure+table,hypothesis_verification,same_type_hard,0.1634,2103.11320,2103.11320_xl_0126
l1_de_1904.03035_0060_triplet,l1_de_1904.03035_0060,1904.03035,figure+table,causal_explanation,in_doc_swap,0.1977,1904.03035,
l1_de_1904.03035_0060_triplet,l1_de_1904.03035_0060,1904.03035,figure+table,causal_explanation,same_type_hard,0.2202,1910.10872,1910.10872_xl_0106
l1_de_1904.03035_0061_triplet,l1_de_1904.03035_0061,1904.03035,figure+table,discrepancy_analysis,in_doc_swap,0.4301,1904.03035,
l1_de_1904.03035_0061_triplet,l1_de_1904.03035_0061,1904.03035,figure+table,discrepancy_analysis,same_type_hard,0.1938,2103.11320,2103.11320_xl_0135
l1_de_2109.03952_0062_triplet,l1_de_2109.03952_0062,2109.03952,figure+table,causal_explanation,in_doc_swap,0.3363,2109.03952,
l1_de_2109.03952_0062_triplet,l1_de_2109.03952_0062,2109.03952,figure+table,causal_explanation,same_type_hard,0.2016,1810.08683,1810.08683_xl_0082
l1_de_2109.03952_0063_triplet,l1_de_2109.03952_0063,2109.03952,figure+table,discrepancy_analysis,in_doc_swap,0.2017,2109.03952,
l1_de_2109.03952_0063_triplet,l1_de_2109.03952_0063,2109.03952,figure+table,discrepancy_analysis,same_type_hard,0.2065,1910.10872,1910.10872_xl_0104
l1_de_2005.07293_0064_triplet,l1_de_2005.07293_0064,2005.07293,figure+table,discrepancy_analysis,in_doc_swap,0.3626,2005.07293,
l1_de_2005.07293_0064_triplet,l1_de_2005.07293_0064,2005.07293,figure+table,discrepancy_analysis,same_type_hard,0.1981,1808.08166,1808.08166_xl_0067
l1_de_2005.07293_0065_triplet,l1_de_2005.07293_0065,2005.07293,figure+table,hypothesis_verification,in_doc_swap,0.3085,2005.07293,
l1_de_2005.07293_0065_triplet,l1_de_2005.07293_0065,2005.07293,figure+table,hypothesis_verification,same_type_hard,0.1967,1707.09457,1707.09457_xl_0028
l1_de_2005.07293_0066_triplet,l1_de_2005.07293_0066,2005.07293,figure+table,discrepancy_analysis,in_doc_swap,0.1667,2005.07293,
l1_de_2005.07293_0066_triplet,l1_de_2005.07293_0066,2005.07293,figure+table,discrepancy_analysis,same_type_hard,0.1583,1905.10674,1905.10674_xl_0094
l1_de_2005.07293_0067_triplet,l1_de_2005.07293_0067,2005.07293,figure+table,hypothesis_verification,in_doc_swap,0.1613,2005.07293,
l1_de_2005.07293_0067_triplet,l1_de_2005.07293_0067,2005.07293,figure+table,hypothesis_verification,same_type_hard,0.1806,1808.08166,1808.08166_xl_0067
l1_de_2103.11320_0070_triplet,l1_de_2103.11320_0070,2103.11320,figure+table,discrepancy_analysis,in_doc_swap,0.4182,2103.11320,
l1_de_2103.11320_0070_triplet,l1_de_2103.11320_0070,2103.11320,figure+table,discrepancy_analysis,same_type_hard,0.2226,1804.09301,1804.09301_xl_0059
l1_de_2103.11320_0071_triplet,l1_de_2103.11320_0071,2103.11320,figure+table,causal_explanation,in_doc_swap,0.2115,2103.11320,
l1_de_2103.11320_0071_triplet,l1_de_2103.11320_0071,2103.11320,figure+table,causal_explanation,same_type_hard,0.2574,1905.10674,1905.10674_xl_0093
l1_de_2103.11320_0072_triplet,l1_de_2103.11320_0072,2103.11320,figure+table,causal_explanation,in_doc_swap,0.2333,2103.11320,
l1_de_2103.11320_0072_triplet,l1_de_2103.11320_0072,2103.11320,figure+table,causal_explanation,same_type_hard,0.206,1804.09301,1804.09301_xl_0060
l1_de_2103.11320_0073_triplet,l1_de_2103.11320_0073,2103.11320,figure+table,discrepancy_analysis,in_doc_swap,0.2115,2103.11320,
l1_de_2103.11320_0073_triplet,l1_de_2103.11320_0073,2103.11320,figure+table,discrepancy_analysis,same_type_hard,0.2669,2005.07293,2005.07293_xl_0123
l1_de_1611.07509_0074_triplet,l1_de_1611.07509_0074,1611.07509,figure+table,causal_explanation,in_doc_swap,0.1026,1611.07509,
l1_de_1611.07509_0074_triplet,l1_de_1611.07509_0074,1611.07509,figure+table,causal_explanation,same_type_hard,0.2174,1902.03519,1902.03519_xl_0084
l1_de_1611.07509_0075_triplet,l1_de_1611.07509_0075,1611.07509,figure+table,discrepancy_analysis,in_doc_swap,0.1635,1611.07509,
l1_de_1611.07509_0075_triplet,l1_de_1611.07509_0075,1611.07509,figure+table,discrepancy_analysis,same_type_hard,0.1786,2103.11320,2103.11320_xl_0135
l1_de_1901.10436_0076_triplet,l1_de_1901.10436_0076,1901.10436,figure+table,causal_explanation,in_doc_swap,0.2316,1901.10436,
l1_de_1901.10436_0076_triplet,l1_de_1901.10436_0076,1901.10436,figure+table,causal_explanation,same_type_hard,0.2111,1707.09457,1707.09457_xl_0028
l1_de_1801.04385_0079_triplet,l1_de_1801.04385_0079,1801.04385,figure+table,discrepancy_analysis,in_doc_swap,0.3587,1801.04385,
l1_de_1801.04385_0079_triplet,l1_de_1801.04385_0079,1801.04385,figure+table,discrepancy_analysis,same_type_hard,0.1994,2005.07293,2005.07293_xl_0111
l1_de_1602.05352_0080_triplet,l1_de_1602.05352_0080,1602.05352,figure+table,causal_explanation,in_doc_swap,0.1209,1602.05352,
l1_de_1602.05352_0080_triplet,l1_de_1602.05352_0080,1602.05352,figure+table,causal_explanation,same_type_hard,0.2559,1809.10083,1809.10083_xl_0076
l1_de_1602.05352_0082_triplet,l1_de_1602.05352_0082,1602.05352,figure+table,causal_explanation,in_doc_swap,0.2706,1602.05352,
l1_de_1602.05352_0082_triplet,l1_de_1602.05352_0082,1602.05352,figure+table,causal_explanation,same_type_hard,0.2562,1409.0575,1409.0575_xl_0005
l1_de_1602.05352_0083_triplet,l1_de_1602.05352_0083,1602.05352,figure+table,hypothesis_verification,in_doc_swap,0.2706,1602.05352,
l1_de_1602.05352_0083_triplet,l1_de_1602.05352_0083,1602.05352,figure+table,hypothesis_verification,same_type_hard,0.1543,1903.10561,1903.10561_xl_0089
l1_de_1707.09457_0084_triplet,l1_de_1707.09457_0084,1707.09457,figure+table,causal_explanation,in_doc_swap,0.3529,1707.09457,
l1_de_1707.09457_0084_triplet,l1_de_1707.09457_0084,1707.09457,figure+table,causal_explanation,same_type_hard,0.2174,1910.10872,1910.10872_xl_0106
l1_de_1707.09457_0085_triplet,l1_de_1707.09457_0085,1707.09457,figure+table,discrepancy_analysis,in_doc_swap,0.4375,1707.09457,
l1_de_1707.09457_0085_triplet,l1_de_1707.09457_0085,1707.09457,figure+table,discrepancy_analysis,same_type_hard,0.2347,1804.06876,1804.06876_xl_0058
l1_de_1707.09457_0086_triplet,l1_de_1707.09457_0086,1707.09457,figure+table,causal_explanation,in_doc_swap,0.5714,1707.09457,
l1_de_1707.09457_0086_triplet,l1_de_1707.09457_0086,1707.09457,figure+table,causal_explanation,same_type_hard,0.2376,1409.0575,1409.0575_xl_0003
l1_de_1707.09457_0087_triplet,l1_de_1707.09457_0087,1707.09457,figure+table,discrepancy_analysis,in_doc_swap,0.6923,1707.09457,
l1_de_1707.09457_0087_triplet,l1_de_1707.09457_0087,1707.09457,figure+table,discrepancy_analysis,same_type_hard,0.2374,1801.04385,1801.04385_xl_0032
l1_de_1707.09457_0088_triplet,l1_de_1707.09457_0088,1707.09457,figure+table,causal_explanation,in_doc_swap,0.5714,1707.09457,
l1_de_1707.09457_0088_triplet,l1_de_1707.09457_0088,1707.09457,figure+table,causal_explanation,same_type_hard,0.2379,1804.06876,1804.06876_xl_0058
l1_de_1707.09457_0089_triplet,l1_de_1707.09457_0089,1707.09457,figure+table,discrepancy_analysis,in_doc_swap,0.5714,1707.09457,
l1_de_1707.09457_0089_triplet,l1_de_1707.09457_0089,1707.09457,figure+table,discrepancy_analysis,same_type_hard,0.243,1804.06876,1804.06876_xl_0057
l1_de_2103.11320_0090_triplet,l1_de_2103.11320_0090,2103.11320,figure+table,hypothesis_verification,in_doc_swap,0.2471,2103.11320,
l1_de_2103.11320_0090_triplet,l1_de_2103.11320_0090,2103.11320,figure+table,hypothesis_verification,same_type_hard,0.1876,1809.02208,1809.02208_xl_0072
l1_de_2103.11320_0091_triplet,l1_de_2103.11320_0091,2103.11320,figure+table,causal_explanation,in_doc_swap,0.2471,2103.11320,
l1_de_2103.11320_0091_triplet,l1_de_2103.11320_0091,2103.11320,figure+table,causal_explanation,same_type_hard,0.2055,1804.09301,1804.09301_xl_0062
l1_de_2103.11320_0092_triplet,l1_de_2103.11320_0092,2103.11320,figure+table,discrepancy_analysis,in_doc_swap,0.2471,2103.11320,
l1_de_2103.11320_0092_triplet,l1_de_2103.11320_0092,2103.11320,figure+table,discrepancy_analysis,same_type_hard,0.2185,1804.06876,1804.06876_xl_0057
l1_de_2103.11320_0093_triplet,l1_de_2103.11320_0093,2103.11320,figure+table,causal_explanation,in_doc_swap,0.2333,2103.11320,
l1_de_2103.11320_0093_triplet,l1_de_2103.11320_0093,2103.11320,figure+table,causal_explanation,same_type_hard,0.2179,1910.10872,1910.10872_xl_0102
l1_de_1801.04385_0094_triplet,l1_de_1801.04385_0094,1801.04385,figure+table,causal_explanation,in_doc_swap,0.1205,1801.04385,
l1_de_1801.04385_0094_triplet,l1_de_1801.04385_0094,1801.04385,figure+table,causal_explanation,same_type_hard,0.2058,2103.11320,2103.11320_xl_0143
l1_de_1801.04385_0095_triplet,l1_de_1801.04385_0095,1801.04385,figure+table,discrepancy_analysis,in_doc_swap,0.3587,1801.04385,
l1_de_1801.04385_0095_triplet,l1_de_1801.04385_0095,1801.04385,figure+table,discrepancy_analysis,same_type_hard,0.2172,2005.07293,2005.07293_xl_0112
l1_de_1801.04385_0096_triplet,l1_de_1801.04385_0096,1801.04385,figure+table,causal_explanation,in_doc_swap,0.3302,1801.04385,
l1_de_1801.04385_0096_triplet,l1_de_1801.04385_0096,1801.04385,figure+table,causal_explanation,same_type_hard,0.2164,1804.06876,1804.06876_xl_0058
l1_de_1801.04385_0097_triplet,l1_de_1801.04385_0097,1801.04385,figure+table,hypothesis_verification,in_doc_swap,0.3302,1801.04385,
l1_de_1801.04385_0097_triplet,l1_de_1801.04385_0097,1801.04385,figure+table,hypothesis_verification,same_type_hard,0.1635,1808.08166,1808.08166_xl_0067
l1_de_2103.11320_0098_triplet,l1_de_2103.11320_0098,2103.11320,figure+table,causal_explanation,in_doc_swap,0.4,2103.11320,
l1_de_2103.11320_0098_triplet,l1_de_2103.11320_0098,2103.11320,figure+table,causal_explanation,same_type_hard,0.2105,1910.10872,1910.10872_xl_0103
l1_de_2103.11320_0100_triplet,l1_de_2103.11320_0100,2103.11320,figure+table,causal_explanation,in_doc_swap,0.2066,2103.11320,
l1_de_2103.11320_0100_triplet,l1_de_2103.11320_0100,2103.11320,figure+table,causal_explanation,same_type_hard,0.1755,1903.10561,1903.10561_xl_0089
l1_de_2103.11320_0101_triplet,l1_de_2103.11320_0101,2103.11320,figure+table,discrepancy_analysis,in_doc_swap,0.2222,2103.11320,
l1_de_2103.11320_0101_triplet,l1_de_2103.11320_0101,2103.11320,figure+table,discrepancy_analysis,same_type_hard,0.1778,1910.10872,1910.10872_xl_0102
l1_de_2103.11320_0102_triplet,l1_de_2103.11320_0102,2103.11320,figure+table,causal_explanation,in_doc_swap,0.2,2103.11320,
l1_de_2103.11320_0102_triplet,l1_de_2103.11320_0102,2103.11320,figure+table,causal_explanation,same_type_hard,0.1776,2109.03952,2109.03952_xl_0158
l1_de_2103.11320_0103_triplet,l1_de_2103.11320_0103,2103.11320,figure+table,discrepancy_analysis,in_doc_swap,0.2,2103.11320,
l1_de_2103.11320_0103_triplet,l1_de_2103.11320_0103,2103.11320,figure+table,discrepancy_analysis,same_type_hard,0.2089,1905.10674,1905.10674_xl_0093
l1_de_1804.06876_0105_triplet,l1_de_1804.06876_0105,1804.06876,figure+table,discrepancy_analysis,in_doc_swap,0.101,1804.06876,
l1_de_1804.06876_0105_triplet,l1_de_1804.06876_0105,1804.06876,figure+table,discrepancy_analysis,same_type_hard,0.2649,2109.03952,2109.03952_xl_0159
l1_de_1809.02208_0106_triplet,l1_de_1809.02208_0106,1809.02208,figure+table,hypothesis_verification,in_doc_swap,0.2574,1809.02208,
l1_de_1809.02208_0106_triplet,l1_de_1809.02208_0106,1809.02208,figure+table,hypothesis_verification,same_type_hard,0.1876,2103.11320,2103.11320_xl_0125
l1_de_1809.02208_0107_triplet,l1_de_1809.02208_0107,1809.02208,figure+table,causal_explanation,in_doc_swap,0.1818,1809.02208,
l1_de_1809.02208_0107_triplet,l1_de_1809.02208_0107,1809.02208,figure+table,causal_explanation,same_type_hard,0.1872,1910.10872,1910.10872_xl_0101
l1_de_1809.02208_0108_triplet,l1_de_1809.02208_0108,1809.02208,figure+table,causal_explanation,in_doc_swap,0.1298,1809.02208,
l1_de_1809.02208_0108_triplet,l1_de_1809.02208_0108,1809.02208,figure+table,causal_explanation,same_type_hard,0.1898,1808.08166,1808.08166_xl_0068
l1_de_1809.02208_0109_triplet,l1_de_1809.02208_0109,1809.02208,figure+table,hypothesis_verification,in_doc_swap,0.3196,1809.02208,
l1_de_1809.02208_0109_triplet,l1_de_1809.02208_0109,1809.02208,figure+table,hypothesis_verification,same_type_hard,0.1924,1903.10561,1903.10561_xl_0089
l1_de_1611.07438_0110_triplet,l1_de_1611.07438_0110,1611.07438,figure+table,causal_explanation,in_doc_swap,0.2,1611.07438,
l1_de_1611.07438_0110_triplet,l1_de_1611.07438_0110,1611.07438,figure+table,causal_explanation,same_type_hard,0.2249,2109.03952,2109.03952_xl_0161
l1_de_1611.07438_0111_triplet,l1_de_1611.07438_0111,1611.07438,figure+table,discrepancy_analysis,in_doc_swap,0.2,1611.07438,
l1_de_1611.07438_0111_triplet,l1_de_1611.07438_0111,1611.07438,figure+table,discrepancy_analysis,same_type_hard,0.1531,1804.06876,1804.06876_xl_0057
l1_de_1804.06876_0112_triplet,l1_de_1804.06876_0112,1804.06876,figure+table,causal_explanation,in_doc_swap,0.4156,1804.06876,
l1_de_1804.06876_0112_triplet,l1_de_1804.06876_0112,1804.06876,figure+table,causal_explanation,same_type_hard,0.2379,1707.09457,1707.09457_xl_0028
l1_de_1804.06876_0113_triplet,l1_de_1804.06876_0113,1804.06876,figure+table,discrepancy_analysis,in_doc_swap,0.4156,1804.06876,
l1_de_1804.06876_0113_triplet,l1_de_1804.06876_0113,1804.06876,figure+table,discrepancy_analysis,same_type_hard,0.2564,1810.08683,1810.08683_xl_0082
l1_de_1804.09301_0114_triplet,l1_de_1804.09301_0114,1804.09301,figure+table,discrepancy_analysis,in_doc_swap,0.1866,1804.09301,
l1_de_1804.09301_0114_triplet,l1_de_1804.09301_0114,1804.09301,figure+table,discrepancy_analysis,same_type_hard,0.2226,2103.11320,2103.11320_xl_0131
l1_de_1804.09301_0115_triplet,l1_de_1804.09301_0115,1804.09301,figure+table,causal_explanation,in_doc_swap,0.1866,1804.09301,
l1_de_1804.09301_0115_triplet,l1_de_1804.09301_0115,1804.09301,figure+table,causal_explanation,same_type_hard,0.2269,1804.06876,1804.06876_xl_0058
l1_de_1804.09301_0116_triplet,l1_de_1804.09301_0116,1804.09301,figure+table,causal_explanation,in_doc_swap,0.1866,1804.09301,
l1_de_1804.09301_0116_triplet,l1_de_1804.09301_0116,1804.09301,figure+table,causal_explanation,same_type_hard,0.2379,2109.03952,2109.03952_xl_0161
l1_de_1804.09301_0117_triplet,l1_de_1804.09301_0117,1804.09301,figure+table,discrepancy_analysis,in_doc_swap,0.1811,1804.09301,
l1_de_1804.09301_0117_triplet,l1_de_1804.09301_0117,1804.09301,figure+table,discrepancy_analysis,same_type_hard,0.2413,1902.03519,1902.03519_xl_0085
l1_de_1804.09301_0118_triplet,l1_de_1804.09301_0118,1804.09301,figure+table,causal_explanation,in_doc_swap,0.1418,1804.09301,
l1_de_1804.09301_0118_triplet,l1_de_1804.09301_0118,1804.09301,figure+table,causal_explanation,same_type_hard,0.2171,1707.09457,1707.09457_xl_0027
l1_de_1804.09301_0119_triplet,l1_de_1804.09301_0119,1804.09301,figure+table,discrepancy_analysis,in_doc_swap,0.1418,1804.09301,
l1_de_1804.09301_0119_triplet,l1_de_1804.09301_0119,1804.09301,figure+table,discrepancy_analysis,same_type_hard,0.1889,1903.08136,1903.08136_xl_0088
l1_de_1610.02413_0122_triplet,l1_de_1610.02413_0122,1610.02413,figure+formula,causal_explanation,in_doc_swap,0.5192,1610.02413,
l1_de_1610.02413_0122_triplet,l1_de_1610.02413_0122,1610.02413,figure+formula,causal_explanation,same_type_hard,0.1917,1803.04383,1803.04383_xl_0040
l1_de_1610.02413_0123_triplet,l1_de_1610.02413_0123,1610.02413,figure+formula,discrepancy_analysis,in_doc_swap,0.1383,1610.02413,
l1_de_1610.02413_0123_triplet,l1_de_1610.02413_0123,1610.02413,figure+formula,discrepancy_analysis,same_type_hard,0.2101,1703.06856,1703.06856_xl_0017
l1_de_1610.02413_0124_triplet,l1_de_1610.02413_0124,1610.02413,figure+formula,causal_explanation,in_doc_swap,0.2065,1610.02413,
l1_de_1610.02413_0124_triplet,l1_de_1610.02413_0124,1610.02413,figure+formula,causal_explanation,same_type_hard,0.2075,1809.10083,1809.10083_xl_0077
l1_de_1610.02413_0125_triplet,l1_de_1610.02413_0125,1610.02413,figure+formula,discrepancy_analysis,in_doc_swap,0.4211,1610.02413,
l1_de_1610.02413_0125_triplet,l1_de_1610.02413_0125,1610.02413,figure+formula,discrepancy_analysis,same_type_hard,0.2649,1703.06856,1703.06856_xl_0019
l1_de_1610.02413_0126_triplet,l1_de_1610.02413_0126,1610.02413,figure+formula,causal_explanation,in_doc_swap,0.5192,1610.02413,
l1_de_1610.02413_0126_triplet,l1_de_1610.02413_0126,1610.02413,figure+formula,causal_explanation,same_type_hard,0.1985,1703.06856,1703.06856_xl_0024
l1_de_1610.02413_0127_triplet,l1_de_1610.02413_0127,1610.02413,figure+formula,discrepancy_analysis,in_doc_swap,0.5192,1610.02413,
l1_de_1610.02413_0127_triplet,l1_de_1610.02413_0127,1610.02413,figure+formula,discrepancy_analysis,same_type_hard,0.1819,1802.08139,1802.08139_xl_0038
l1_de_1703.06856_0128_triplet,l1_de_1703.06856_0128,1703.06856,figure+formula,causal_explanation,in_doc_swap,0.1833,1703.06856,
l1_de_1703.06856_0128_triplet,l1_de_1703.06856_0128,1703.06856,figure+formula,causal_explanation,same_type_hard,0.1966,1803.04383,1803.04383_xl_0040
l1_de_1703.06856_0129_triplet,l1_de_1703.06856_0129,1703.06856,figure+formula,discrepancy_analysis,in_doc_swap,0.1833,1703.06856,
l1_de_1703.06856_0129_triplet,l1_de_1703.06856_0129,1703.06856,figure+formula,discrepancy_analysis,same_type_hard,0.2296,1610.02413,1610.02413_xl_0011
l1_de_1703.06856_0130_triplet,l1_de_1703.06856_0130,1703.06856,figure+formula,discrepancy_analysis,in_doc_swap,0.1667,1703.06856,
l1_de_1703.06856_0130_triplet,l1_de_1703.06856_0130,1703.06856,figure+formula,discrepancy_analysis,same_type_hard,0.1899,1803.04383,1803.04383_xl_0044
l1_de_1703.06856_0131_triplet,l1_de_1703.06856_0131,1703.06856,figure+formula,causal_explanation,in_doc_swap,0.8718,1703.06856,
l1_de_1703.06856_0131_triplet,l1_de_1703.06856_0131,1703.06856,figure+formula,causal_explanation,same_type_hard,0.1772,1803.04383,1803.04383_xl_0042
l1_de_1703.06856_0132_triplet,l1_de_1703.06856_0132,1703.06856,figure+formula,causal_explanation,in_doc_swap,0.4839,1703.06856,
l1_de_1703.06856_0132_triplet,l1_de_1703.06856_0132,1703.06856,figure+formula,causal_explanation,same_type_hard,0.2067,1802.08139,1802.08139_xl_0038
l1_de_1703.06856_0133_triplet,l1_de_1703.06856_0133,1703.06856,figure+formula,discrepancy_analysis,in_doc_swap,0.1892,1703.06856,
l1_de_1703.06856_0133_triplet,l1_de_1703.06856_0133,1703.06856,figure+formula,discrepancy_analysis,same_type_hard,0.2649,1610.02413,1610.02413_xl_0011
l1_de_1703.06856_0134_triplet,l1_de_1703.06856_0134,1703.06856,figure+formula,causal_explanation,in_doc_swap,0.1892,1703.06856,
l1_de_1703.06856_0134_triplet,l1_de_1703.06856_0134,1703.06856,figure+formula,causal_explanation,same_type_hard,0.2151,1802.08139,1802.08139_xl_0038
l1_de_1703.06856_0135_triplet,l1_de_1703.06856_0135,1703.06856,figure+formula,causal_explanation,in_doc_swap,0.1983,1703.06856,
l1_de_1703.06856_0135_triplet,l1_de_1703.06856_0135,1703.06856,figure+formula,causal_explanation,same_type_hard,0.2067,2109.03952,2109.03952_xl_0154
l1_de_1703.06856_0136_triplet,l1_de_1703.06856_0136,1703.06856,figure+formula,causal_explanation,in_doc_swap,0.4839,1703.06856,
l1_de_1703.06856_0136_triplet,l1_de_1703.06856_0136,1703.06856,figure+formula,causal_explanation,same_type_hard,0.2048,1809.10083,1809.10083_xl_0077
l1_de_1703.06856_0137_triplet,l1_de_1703.06856_0137,1703.06856,figure+formula,hypothesis_verification,in_doc_swap,0.1892,1703.06856,
l1_de_1703.06856_0137_triplet,l1_de_1703.06856_0137,1703.06856,figure+formula,hypothesis_verification,same_type_hard,0.1681,1610.02413,1610.02413_xl_0012
l1_de_1703.06856_0138_triplet,l1_de_1703.06856_0138,1703.06856,figure+formula,causal_explanation,in_doc_swap,0.1716,1703.06856,
l1_de_1703.06856_0138_triplet,l1_de_1703.06856_0138,1703.06856,figure+formula,causal_explanation,same_type_hard,0.1985,1610.02413,1610.02413_xl_0012
l1_de_1809.10083_0140_triplet,l1_de_1809.10083_0140,1809.10083,figure+formula,causal_explanation,in_doc_swap,0.725,1809.10083,
l1_de_1809.10083_0140_triplet,l1_de_1809.10083_0140,1809.10083,figure+formula,causal_explanation,same_type_hard,0.212,1906.02589,1906.02589_xl_0096
l1_de_1809.10083_0142_triplet,l1_de_1809.10083_0142,1809.10083,figure+formula,causal_explanation,in_doc_swap,0.1765,1809.10083,
l1_de_1809.10083_0142_triplet,l1_de_1809.10083_0142,1809.10083,figure+formula,causal_explanation,same_type_hard,0.2144,1803.04383,1803.04383_xl_0040
l1_de_1809.10083_0143_triplet,l1_de_1809.10083_0143,1809.10083,figure+formula,discrepancy_analysis,in_doc_swap,0.2558,1809.10083,
l1_de_1809.10083_0143_triplet,l1_de_1809.10083_0143,1809.10083,figure+formula,discrepancy_analysis,same_type_hard,0.2001,2109.03952,2109.03952_xl_0153
l1_de_1809.10083_0144_triplet,l1_de_1809.10083_0144,1809.10083,figure+formula,causal_explanation,in_doc_swap,0.4853,1809.10083,
l1_de_1809.10083_0144_triplet,l1_de_1809.10083_0144,1809.10083,figure+formula,causal_explanation,same_type_hard,0.2214,1803.04383,1803.04383_xl_0040
l1_de_1809.10083_0145_triplet,l1_de_1809.10083_0145,1809.10083,figure+formula,discrepancy_analysis,in_doc_swap,0.2558,1809.10083,
l1_de_1809.10083_0145_triplet,l1_de_1809.10083_0145,1809.10083,figure+formula,discrepancy_analysis,same_type_hard,0.1972,1703.06856,1703.06856_xl_0017
l1_de_1906.02589_0146_triplet,l1_de_1906.02589_0146,1906.02589,figure+formula,causal_explanation,in_doc_swap,0.2088,1906.02589,
l1_de_1906.02589_0146_triplet,l1_de_1906.02589_0146,1906.02589,figure+formula,causal_explanation,same_type_hard,0.2242,1802.08139,1802.08139_xl_0038
l1_de_1906.02589_0147_triplet,l1_de_1906.02589_0147,1906.02589,figure+formula,causal_explanation,in_doc_swap,0.2088,1906.02589,
l1_de_1906.02589_0147_triplet,l1_de_1906.02589_0147,1906.02589,figure+formula,causal_explanation,same_type_hard,0.2242,1802.08139,1802.08139_xl_0038
l1_de_1906.02589_0150_triplet,l1_de_1906.02589_0150,1906.02589,figure+formula,discrepancy_analysis,in_doc_swap,0.1475,1906.02589,
l1_de_1906.02589_0150_triplet,l1_de_1906.02589_0150,1906.02589,figure+formula,discrepancy_analysis,same_type_hard,0.1868,2109.03952,2109.03952_xl_0154
l1_de_1910.10872_0152_triplet,l1_de_1910.10872_0152,1910.10872,figure+table,discrepancy_analysis,in_doc_swap,0.1605,1910.10872,
l1_de_1910.10872_0152_triplet,l1_de_1910.10872_0152,1910.10872,figure+table,discrepancy_analysis,same_type_hard,0.2065,2109.03952,2109.03952_xl_0158
l1_de_1910.10872_0153_triplet,l1_de_1910.10872_0153,1910.10872,figure+table,causal_explanation,in_doc_swap,0.1605,1910.10872,
l1_de_1910.10872_0153_triplet,l1_de_1910.10872_0153,1910.10872,figure+table,causal_explanation,same_type_hard,0.206,2103.11320,2103.11320_xl_0129
l1_de_1910.10872_0154_triplet,l1_de_1910.10872_0154,1910.10872,figure+table,discrepancy_analysis,in_doc_swap,0.1406,1910.10872,
l1_de_1910.10872_0154_triplet,l1_de_1910.10872_0154,1910.10872,figure+table,discrepancy_analysis,same_type_hard,0.2172,1707.09457,1707.09457_xl_0027
l1_de_1910.10872_0156_triplet,l1_de_1910.10872_0156,1910.10872,figure+table,causal_explanation,in_doc_swap,0.1961,1910.10872,
l1_de_1910.10872_0156_triplet,l1_de_1910.10872_0156,1910.10872,figure+table,causal_explanation,same_type_hard,0.2221,1707.09457,1707.09457_xl_0027
l1_de_1910.10872_0157_triplet,l1_de_1910.10872_0157,1910.10872,figure+table,discrepancy_analysis,in_doc_swap,0.1961,1910.10872,
l1_de_1910.10872_0157_triplet,l1_de_1910.10872_0157,1910.10872,figure+table,discrepancy_analysis,same_type_hard,0.2368,1804.06876,1804.06876_xl_0058
l1_de_1802.08139_0159_triplet,l1_de_1802.08139_0159,1802.08139,figure+formula,discrepancy_analysis,in_doc_swap,0.1667,1802.08139,
l1_de_1802.08139_0159_triplet,l1_de_1802.08139_0159,1802.08139,figure+formula,discrepancy_analysis,same_type_hard,0.1619,2109.03952,2109.03952_xl_0153
l1_de_1802.08139_0160_triplet,l1_de_1802.08139_0160,1802.08139,figure+formula,causal_explanation,in_doc_swap,0.1071,1802.08139,
l1_de_1802.08139_0160_triplet,l1_de_1802.08139_0160,1802.08139,figure+formula,causal_explanation,same_type_hard,0.2242,1906.02589,1906.02589_xl_0096
l1_de_1802.08139_0161_triplet,l1_de_1802.08139_0161,1802.08139,figure+formula,discrepancy_analysis,in_doc_swap,0.1667,1802.08139,
l1_de_1802.08139_0161_triplet,l1_de_1802.08139_0161,1802.08139,figure+formula,discrepancy_analysis,same_type_hard,0.1819,1610.02413,1610.02413_xl_0012
l1_de_1808.08166_0162_triplet,l1_de_1808.08166_0162,1808.08166,figure+table,discrepancy_analysis,in_doc_swap,0.1294,1808.08166,
l1_de_1808.08166_0162_triplet,l1_de_1808.08166_0162,1808.08166,figure+table,discrepancy_analysis,same_type_hard,0.1981,2005.07293,2005.07293_xl_0110
l1_de_1808.08166_0163_triplet,l1_de_1808.08166_0163,1808.08166,figure+table,hypothesis_verification,in_doc_swap,0.1375,1808.08166,
l1_de_1808.08166_0163_triplet,l1_de_1808.08166_0163,1808.08166,figure+table,hypothesis_verification,same_type_hard,0.1806,2005.07293,2005.07293_xl_0121
l1_de_1809.10083_0164_triplet,l1_de_1809.10083_0164,1809.10083,figure+table,causal_explanation,in_doc_swap,0.2574,1809.10083,
l1_de_1809.10083_0164_triplet,l1_de_1809.10083_0164,1809.10083,figure+table,causal_explanation,same_type_hard,0.2559,1602.05352,1602.05352_xl_0006
l1_de_1809.10083_0167_triplet,l1_de_1809.10083_0167,1809.10083,formula+table,discrepancy_analysis,in_doc_swap,0.1667,1809.10083,
l1_de_1809.10083_0167_triplet,l1_de_1809.10083_0167,1809.10083,formula+table,discrepancy_analysis,same_type_hard,0.2142,2005.07293,2005.07293_xl_0115
l1_de_1809.10083_0169_triplet,l1_de_1809.10083_0169,1809.10083,formula+table,hypothesis_verification,in_doc_swap,0.1856,1809.10083,
l1_de_1809.10083_0169_triplet,l1_de_1809.10083_0169,1809.10083,formula+table,hypothesis_verification,same_type_hard,0.1119,2005.07293,2005.07293_xl_0115
l1_de_1902.03519_0170_triplet,l1_de_1902.03519_0170,1902.03519,figure+table,causal_explanation,in_doc_swap,0.2016,1902.03519,
l1_de_1902.03519_0170_triplet,l1_de_1902.03519_0170,1902.03519,figure+table,causal_explanation,same_type_hard,0.2174,1611.07509,1611.07509_xl_0015
l1_de_1902.03519_0171_triplet,l1_de_1902.03519_0171,1902.03519,figure+table,discrepancy_analysis,in_doc_swap,0.2016,1902.03519,
l1_de_1902.03519_0171_triplet,l1_de_1902.03519_0171,1902.03519,figure+table,discrepancy_analysis,same_type_hard,0.2217,2109.03952,2109.03952_xl_0159
l1_de_1902.03519_0172_triplet,l1_de_1902.03519_0172,1902.03519,figure+table,causal_explanation,in_doc_swap,0.3271,1902.03519,
l1_de_1902.03519_0172_triplet,l1_de_1902.03519_0172,1902.03519,figure+table,causal_explanation,same_type_hard,0.2411,1409.0575,1409.0575_xl_0005
l1_de_1902.03519_0173_triplet,l1_de_1902.03519_0173,1902.03519,figure+table,discrepancy_analysis,in_doc_swap,0.3271,1902.03519,
l1_de_1902.03519_0173_triplet,l1_de_1902.03519_0173,1902.03519,figure+table,discrepancy_analysis,same_type_hard,0.2413,1804.09301,1804.09301_xl_0060
l1_de_1808.08166_0174_triplet,l1_de_1808.08166_0174,1808.08166,figure+table,causal_explanation,in_doc_swap,0.2235,1808.08166,
l1_de_1808.08166_0174_triplet,l1_de_1808.08166_0174,1808.08166,figure+table,causal_explanation,same_type_hard,0.2271,2109.03952,2109.03952_xl_0161
l1_de_2109.03952_0177_triplet,l1_de_2109.03952_0177,2109.03952,figure+formula,discrepancy_analysis,in_doc_swap,0.1835,2109.03952,
l1_de_2109.03952_0177_triplet,l1_de_2109.03952_0177,2109.03952,figure+formula,discrepancy_analysis,same_type_hard,0.2001,1809.10083,1809.10083_xl_0077
l1_de_2109.03952_0178_triplet,l1_de_2109.03952_0178,2109.03952,figure+formula,discrepancy_analysis,in_doc_swap,0.2188,2109.03952,
l1_de_2109.03952_0178_triplet,l1_de_2109.03952_0178,2109.03952,figure+formula,discrepancy_analysis,same_type_hard,0.2163,1803.04383,1803.04383_xl_0041
l1_de_2109.03952_0179_triplet,l1_de_2109.03952_0179,2109.03952,figure+formula,causal_explanation,in_doc_swap,0.25,2109.03952,
l1_de_2109.03952_0179_triplet,l1_de_2109.03952_0179,2109.03952,figure+formula,causal_explanation,same_type_hard,0.2067,1703.06856,1703.06856_xl_0021
l1_de_1802.08139_0182_triplet,l1_de_1802.08139_0182,1802.08139,formula+table,causal_explanation,in_doc_swap,0.2981,1802.08139,
l1_de_1802.08139_0182_triplet,l1_de_1802.08139_0182,1802.08139,formula+table,causal_explanation,same_type_hard,0.1862,2005.07293,2005.07293_xl_0115
l1_de_1802.08139_0183_triplet,l1_de_1802.08139_0183,1802.08139,formula+table,discrepancy_analysis,in_doc_swap,0.2981,1802.08139,
l1_de_1802.08139_0183_triplet,l1_de_1802.08139_0183,1802.08139,formula+table,discrepancy_analysis,same_type_hard,0.2955,2005.07293,2005.07293_xl_0115
l1_de_1803.04383_0184_triplet,l1_de_1803.04383_0184,1803.04383,figure+formula,causal_explanation,in_doc_swap,0.2178,1803.04383,
l1_de_1803.04383_0184_triplet,l1_de_1803.04383_0184,1803.04383,figure+formula,causal_explanation,same_type_hard,0.2214,1809.10083,1809.10083_xl_0079
l1_de_1803.04383_0185_triplet,l1_de_1803.04383_0185,1803.04383,figure+formula,discrepancy_analysis,in_doc_swap,0.2075,1803.04383,
l1_de_1803.04383_0185_triplet,l1_de_1803.04383_0185,1803.04383,figure+formula,discrepancy_analysis,same_type_hard,0.1856,1610.02413,1610.02413_xl_0011
l1_de_1803.04383_0186_triplet,l1_de_1803.04383_0186,1803.04383,figure+formula,discrepancy_analysis,in_doc_swap,0.2035,1803.04383,
l1_de_1803.04383_0186_triplet,l1_de_1803.04383_0186,1803.04383,figure+formula,discrepancy_analysis,same_type_hard,0.2163,2109.03952,2109.03952_xl_0154
l1_de_1803.04383_0187_triplet,l1_de_1803.04383_0187,1803.04383,figure+formula,causal_explanation,in_doc_swap,0.2,1803.04383,
l1_de_1803.04383_0187_triplet,l1_de_1803.04383_0187,1803.04383,figure+formula,causal_explanation,same_type_hard,0.1625,1703.06856,1703.06856_xl_0023
l1_de_1803.04383_0188_triplet,l1_de_1803.04383_0188,1803.04383,figure+formula,discrepancy_analysis,in_doc_swap,0.181,1803.04383,
l1_de_1803.04383_0188_triplet,l1_de_1803.04383_0188,1803.04383,figure+formula,discrepancy_analysis,same_type_hard,0.1835,2109.03952,2109.03952_xl_0153
l1_de_1803.04383_0189_triplet,l1_de_1803.04383_0189,1803.04383,figure+formula,causal_explanation,in_doc_swap,0.1778,1803.04383,
l1_de_1803.04383_0189_triplet,l1_de_1803.04383_0189,1803.04383,figure+formula,causal_explanation,same_type_hard,0.178,1703.06856,1703.06856_xl_0024
l1_de_1803.04383_0190_triplet,l1_de_1803.04383_0190,1803.04383,figure+formula,discrepancy_analysis,in_doc_swap,0.2083,1803.04383,
l1_de_1803.04383_0190_triplet,l1_de_1803.04383_0190,1803.04383,figure+formula,discrepancy_analysis,same_type_hard,0.1899,1703.06856,1703.06856_xl_0018
l1_de_1803.04383_0192_triplet,l1_de_1803.04383_0192,1803.04383,figure+formula,discrepancy_analysis,in_doc_swap,0.1905,1803.04383,
l1_de_1803.04383_0192_triplet,l1_de_1803.04383_0192,1803.04383,figure+formula,discrepancy_analysis,same_type_hard,0.1889,1703.06856,1703.06856_xl_0018
l1_de_1803.04383_0193_triplet,l1_de_1803.04383_0193,1803.04383,figure+formula,causal_explanation,in_doc_swap,0.1905,1803.04383,
l1_de_1803.04383_0193_triplet,l1_de_1803.04383_0193,1803.04383,figure+formula,causal_explanation,same_type_hard,0.1861,2109.03952,2109.03952_xl_0154
l1_de_1803.04383_0194_triplet,l1_de_1803.04383_0194,1803.04383,figure+formula,discrepancy_analysis,in_doc_swap,0.2718,1803.04383,
l1_de_1803.04383_0194_triplet,l1_de_1803.04383_0194,1803.04383,figure+formula,discrepancy_analysis,same_type_hard,0.2159,2109.03952,2109.03952_xl_0154
l1_de_1803.04383_0198_triplet,l1_de_1803.04383_0198,1803.04383,figure+formula,discrepancy_analysis,in_doc_swap,0.2,1803.04383,
l1_de_1803.04383_0198_triplet,l1_de_1803.04383_0198,1803.04383,figure+formula,discrepancy_analysis,same_type_hard,0.1672,1610.02413,1610.02413_xl_0012
l1_de_1803.04383_0202_triplet,l1_de_1803.04383_0202,1803.04383,figure+formula,discrepancy_analysis,in_doc_swap,0.2143,1803.04383,
l1_de_1803.04383_0202_triplet,l1_de_1803.04383_0202,1803.04383,figure+formula,discrepancy_analysis,same_type_hard,0.2049,1809.10083,1809.10083_xl_0079
l1_de_1803.04383_0203_triplet,l1_de_1803.04383_0203,1803.04383,figure+formula,causal_explanation,in_doc_swap,0.2523,1803.04383,
l1_de_1803.04383_0203_triplet,l1_de_1803.04383_0203,1803.04383,figure+formula,causal_explanation,same_type_hard,0.1896,1906.02589,1906.02589_xl_0096
l1_de_2005.07293_0206_triplet,l1_de_2005.07293_0206,2005.07293,formula+table,causal_explanation,in_doc_swap,0.3034,2005.07293,
l1_de_2005.07293_0206_triplet,l1_de_2005.07293_0206,2005.07293,formula+table,causal_explanation,same_type_hard,0.2446,1801.07593,1801.07593_xl_0036
l1_de_2005.07293_0207_triplet,l1_de_2005.07293_0207,2005.07293,formula+table,discrepancy_analysis,in_doc_swap,0.3068,2005.07293,
l1_de_2005.07293_0207_triplet,l1_de_2005.07293_0207,2005.07293,formula+table,discrepancy_analysis,same_type_hard,0.2955,1802.08139,1802.08139_xl_0039
l1_de_1801.07593_0211_triplet,l1_de_1801.07593_0211,1801.07593,formula+table,discrepancy_analysis,in_doc_swap,0.219,1801.07593,
l1_de_1801.07593_0211_triplet,l1_de_1801.07593_0211,1801.07593,formula+table,discrepancy_analysis,same_type_hard,0.2381,2005.07293,2005.07293_xl_0115
l1_de_1801.07593_0212_triplet,l1_de_1801.07593_0212,1801.07593,formula+table,causal_explanation,in_doc_swap,0.1333,1801.07593,
l1_de_1801.07593_0212_triplet,l1_de_1801.07593_0212,1801.07593,formula+table,causal_explanation,same_type_hard,0.2446,2005.07293,2005.07293_xl_0115
l1_de_1801.07593_0213_triplet,l1_de_1801.07593_0213,1801.07593,formula+table,discrepancy_analysis,in_doc_swap,0.1333,1801.07593,
l1_de_1801.07593_0213_triplet,l1_de_1801.07593_0213,1801.07593,formula+table,discrepancy_analysis,same_type_hard,0.1858,1802.08139,1802.08139_xl_0039
l1_de_1805.11202_0216_triplet,l1_de_1805.11202_0216,1805.11202,figure+table,causal_explanation,in_doc_swap,0.2427,1805.11202,
l1_de_1805.11202_0216_triplet,l1_de_1805.11202_0216,1805.11202,figure+table,causal_explanation,same_type_hard,0.2203,1804.09301,1804.09301_xl_0060
l1_de_1805.11202_0217_triplet,l1_de_1805.11202_0217,1805.11202,figure+table,hypothesis_verification,in_doc_swap,0.2111,1805.11202,
l1_de_1805.11202_0217_triplet,l1_de_1805.11202_0217,1805.11202,figure+table,hypothesis_verification,same_type_hard,0.1674,2103.11320,2103.11320_xl_0135
l1_de_1805.11202_0219_triplet,l1_de_1805.11202_0219,1805.11202,figure+table,causal_explanation,in_doc_swap,0.2427,1805.11202,
l1_de_1805.11202_0219_triplet,l1_de_1805.11202_0219,1805.11202,figure+table,causal_explanation,same_type_hard,0.2316,1810.08683,1810.08683_xl_0082
l1_de_1810.08683_0220_triplet,l1_de_1810.08683_0220,1810.08683,figure+table,causal_explanation,in_doc_swap,0.181,1810.08683,
l1_de_1810.08683_0220_triplet,l1_de_1810.08683_0220,1810.08683,figure+table,causal_explanation,same_type_hard,0.2775,1905.10674,1905.10674_xl_0093
l1_de_1810.08683_0221_triplet,l1_de_1810.08683_0221,1810.08683,figure+table,discrepancy_analysis,in_doc_swap,0.181,1810.08683,
l1_de_1810.08683_0221_triplet,l1_de_1810.08683_0221,1810.08683,figure+table,discrepancy_analysis,same_type_hard,0.2564,1804.06876,1804.06876_xl_0058
