StartDate,EndDate,Status,Progress,Duration (in seconds),Finished,RecordedDate,ResponseId,DistributionChannel,UserLanguage,QID172807553,MTurk ID,70-40_1,70-40_2,70-40_3,100-20_1,100-20_2,100-20_3,50-55_1,50-55_2,50-55_3,90-10_1,90-10_2,90-10_3,D1,D2,D2_2_TEXT,D3,D4,D4_8_TEXT,D5,D5_4_TEXT,D6,D7,D7_5_TEXT,mTurkCode
"{""ImportId"":""startDate"",""timeZone"":""America/Denver""}","{""ImportId"":""endDate"",""timeZone"":""America/Denver""}","{""ImportId"":""status""}","{""ImportId"":""progress""}","{""ImportId"":""duration""}","{""ImportId"":""finished""}","{""ImportId"":""recordedDate"",""timeZone"":""America/Denver""}","{""ImportId"":""_recordId""}","{""ImportId"":""distributionChannel""}","{""ImportId"":""userLanguage""}","{""ImportId"":""QID172807553""}","{""ImportId"":""QID28_TEXT""}","{""ImportId"":""QID9_1""}","{""ImportId"":""QID9_2""}","{""ImportId"":""QID9_3""}","{""ImportId"":""QID13_1""}","{""ImportId"":""QID13_2""}","{""ImportId"":""QID13_3""}","{""ImportId"":""QID14_1""}","{""ImportId"":""QID14_2""}","{""ImportId"":""QID14_3""}","{""ImportId"":""QID15_1""}","{""ImportId"":""QID15_2""}","{""ImportId"":""QID15_3""}","{""ImportId"":""QID16_TEXT""}","{""ImportId"":""QID19""}","{""ImportId"":""QID19_2_TEXT""}","{""ImportId"":""QID20""}","{""ImportId"":""QID21""}","{""ImportId"":""QID21_8_TEXT""}","{""ImportId"":""QID22""}","{""ImportId"":""QID22_4_TEXT""}","{""ImportId"":""QID24_TEXT""}","{""ImportId"":""QID25""}","{""ImportId"":""QID25_5_TEXT""}","{""ImportId"":""mTurkCode""}"
2018-03-18 9:05:31,2018-03-18 9:06:31,IP Address,100,59,TRUE,2018-03-18 9:06:32,R_3Pzzh6gC8Sd7Ns8,anonymous,EN,"I consent, begin the study",A353YBC5NVBDN2,,,,,,,5.6,3.9,7.3,,,,california,Male,,Graduate degree,White,,City or urban community,,30,"Other (please specify):,Independent",,5325715
2018-03-18 9:05:30,2018-03-18 9:06:42,IP Address,100,72,TRUE,2018-03-18 9:06:43,R_1mqOnyyJ1XG9xSc,anonymous,EN,"I consent, begin the study",A340UGIDGIF4W6,,,,,,,,,,7.1,6.2,7.5,PENNSYLVANIA,Female,,Associate degree,White,,Suburban community,,43,Independent,,5665828
2018-03-18 9:06:35,2018-03-18 9:07:39,IP Address,100,63,TRUE,2018-03-18 9:07:40,R_DpMPwTZkdRmI6rv,anonymous,EN,"I consent, begin the study",A2OWB1RTZD98ZO,6.6,7.9,9,,,,,,,,,,Missouri,Male,,Some college but no degree,White,,Rural community,,20,Republican Party,,1835464
2018-03-18 9:05:47,2018-03-18 9:07:56,IP Address,100,128,TRUE,2018-03-18 9:07:57,R_2QiAqlCTTatdXlz,anonymous,EN,"I consent, begin the study",A3P5O9M9G3O61Y,,,,3,6,7.5,,,,,,,Pennsylvania,Female,,Bachelor degree,White,,Suburban community,,38,Independent,,4664415
2018-03-18 9:06:24,2018-03-18 9:08:02,IP Address,100,97,TRUE,2018-03-18 9:08:02,R_DIuuPyMhWhEpkD7,anonymous,EN,"I consent, begin the study",A2MWOC8THMPE6C,,,,,,,,,,8.8,1.4,9,Texas,Male,,Some college but no degree,"Spanish, Hispanic, or Latino",,Suburban community,,48,Republican Party,,5184555
2018-03-18 9:05:45,2018-03-18 9:08:07,IP Address,100,142,TRUE,2018-03-18 9:08:08,R_1IiS7cWgLd4vXPO,anonymous,EN,"I consent, begin the study",A2BEC2FXO2NEV2,,,,1,1,1,,,,,,,MS,Female,,Associate degree,Black or African-American,,City or urban community,,46,Democratic party,,1250926
2018-03-18 9:06:46,2018-03-18 9:08:24,IP Address,100,98,TRUE,2018-03-18 9:08:25,R_9uzufUelFx2Wbu1,anonymous,EN,"I consent, begin the study",A26ZENZ5G8AEGM,,,,,,,1.9,8.2,8.2,,,,Pennsylvania,Female,,Graduate degree,White,,Suburban community,,59,Democratic party,,1166128
2018-03-18 9:06:54,2018-03-18 9:08:42,IP Address,100,107,TRUE,2018-03-18 9:08:43,R_1lfvruLOHqKnVsg,anonymous,EN,"I consent, begin the study",A3HZ8JZAJB124J,,,,,,,,,,9,3.8,6.5,PA,Female,,Associate degree,White,,Suburban community,,47,Republican Party,,6912792
2018-03-18 9:07:26,2018-03-18 9:08:51,IP Address,100,85,TRUE,2018-03-18 9:08:52,R_3RmzdhlTse4osMZ,anonymous,EN,"I consent, begin the study",A31J3022SQPIMW,,,,,,,1,9,7.2,,,,Missouri,Female,,Some college but no degree,White,,Suburban community,,27,Democratic party,,5014176
2018-03-18 9:07:13,2018-03-18 9:08:57,IP Address,100,104,TRUE,2018-03-18 9:08:58,R_DwrOrcRdB5WvbXz,anonymous,EN,"I consent, begin the study",A21BTRGOXKCOFD,,,,9,1,7,,,,,,,IL,Male,,Graduate degree,White,,City or urban community,,27,Independent,,9540217
2018-03-18 9:06:07,2018-03-18 9:09:02,IP Address,100,175,TRUE,2018-03-18 9:09:02,R_C3Vr96tYbU5egmJ,anonymous,EN,"I consent, begin the study",AO5I5TP1CTVPV,1,3.2,7.2,,,,,,,,,,Oregon,Male,,Associate degree,White,,City or urban community,,45,Democratic party,,8211690
2018-03-18 9:05:51,2018-03-18 9:09:13,IP Address,100,202,TRUE,2018-03-18 9:09:14,R_1gjUMFk4PHQk30T,anonymous,EN,"I consent, begin the study",A2OLSZ6DD9I239,,,,,,,8,4,6.1,,,,Michigan,Female,,Bachelor degree,White,,Rural community,,55,Republican Party,,36222
2018-03-18 9:07:52,2018-03-18 9:09:27,IP Address,100,94,TRUE,2018-03-18 9:09:28,R_DpXfP8kDgKbBCqR,anonymous,EN,"I consent, begin the study",ABNR8ID5Q3CYA,4.3,2.7,7.1,,,,,,,,,,ma,Female,,Bachelor degree,White,,Suburban community,,46,Republican Party,,2778320
2018-03-18 9:08:56,2018-03-18 9:10:09,IP Address,100,72,TRUE,2018-03-18 9:10:10,R_1FCEGbkPqgDxeyJ,anonymous,EN,"I consent, begin the study",A35KO5LPASBFI9,9,7.5,9,,,,,,,,,,Florida,Female,,Some college but no degree,White,,City or urban community,,24,Independent,,1555492
2018-03-18 9:08:17,2018-03-18 9:10:10,IP Address,100,113,TRUE,2018-03-18 9:10:11,R_3NQhzF6K2BxHxP7,anonymous,EN,"I consent, begin the study",AF0QTOQIF6SMI,,,,,,,,,,1,9,7,Pennsylvania,Female,,Associate degree,White,,Suburban community,,22,Democratic party,,9394236
2018-03-18 9:07:59,2018-03-18 9:10:10,IP Address,100,131,TRUE,2018-03-18 9:10:11,R_1CfKTbZATnGHIKu,anonymous,EN,"I consent, begin the study",A34LSCB90T5KYE,,,,3.5,7.2,7.2,,,,,,,north carolina,Female,,Bachelor degree,White,,Rural community,,44,Democratic party,,9183349
2018-03-18 9:07:40,2018-03-18 9:10:22,IP Address,100,161,TRUE,2018-03-18 9:10:23,R_QiviAi8SgCD9Iyd,anonymous,EN,"I consent, begin the study",ADTYPTCW8QUQ8,9,3.9,9,,,,,,,,,,Washington,Male,,Bachelor degree,White,,City or urban community,,55,Independent,,577416
2018-03-18 9:07:57,2018-03-18 9:10:34,IP Address,100,156,TRUE,2018-03-18 9:10:35,R_1LSxtkrJiTpU435,anonymous,EN,"I consent, begin the study",A1Q2LJQG0TWBWC,,,,,,,,,,8.7,1,9,North Carolina,Female,,Bachelor degree,White,,Rural community,,71,Republican Party,,2666263
2018-03-18 9:08:02,2018-03-18 9:10:51,IP Address,100,168,TRUE,2018-03-18 9:10:52,R_3LXS1DXJlBgCEjh,anonymous,EN,"I consent, begin the study",A2Y1ORULU9ITOH,,,,,,,3,6,7,,,,CT,Female,,Graduate degree,White,,Suburban community,,48,Democratic party,,3346386
2018-03-18 9:09:06,2018-03-18 9:11:04,IP Address,100,118,TRUE,2018-03-18 9:11:05,R_3G1vebCerrYsOPY,anonymous,EN,"I consent, begin the study",A3MOH1ULLAKFU1,,,,,,,,,,9,1,2.5,tn,Female,,Some college but no degree,White,,Rural community,,37,Republican Party,,1677220
2018-03-18 9:10:02,2018-03-18 9:11:53,IP Address,100,110,TRUE,2018-03-18 9:11:54,R_OKiDYbnGI93NG0N,anonymous,EN,"I consent, begin the study",A30MTVHNNST3F,,,,,,,7.3,2.2,4,,,,PA,Female,,Associate degree,Asian,,Suburban community,,35,Republican Party,,3976870
2018-03-18 9:09:26,2018-03-18 9:11:54,IP Address,100,148,TRUE,2018-03-18 9:11:55,R_2S6yODz0WP89RX7,anonymous,EN,"I consent, begin the study",A24C6V7EV3KA0A,,,,4,3,7.6,,,,,,,GA,Female,,Graduate degree,Black or African-American,,Suburban community,,48,Democratic party,,8170258
2018-03-18 9:10:04,2018-03-18 9:12:01,IP Address,100,117,TRUE,2018-03-18 9:12:02,R_XBtOy1zgGwOwp5D,anonymous,EN,"I consent, begin the study",A1ZPOMI6ASY65K,6,4.1,8.2,,,,,,,,,,Mississippi,Male,,Some college but no degree,White,,Suburban community,,27,Republican Party,,1484856
2018-03-18 9:11:15,2018-03-18 9:12:04,IP Address,100,49,TRUE,2018-03-18 9:12:05,R_1HksxaWhrbGVmcO,anonymous,EN,"I consent, begin the study",AMYYL67LDKPDA,,,,1,8.1,5.7,,,,,,,Utah,Male,,Bachelor degree,White,,Suburban community,,39,Democratic party,,4408708
2018-03-18 9:10:42,2018-03-18 9:12:09,IP Address,100,87,TRUE,2018-03-18 9:12:10,R_1dj2elE7ZP9YR7N,anonymous,EN,"I consent, begin the study",A353STSNL3BYS6,,,,,,,7,4,8,,,,Louisiana,Female,,Graduate degree,White,,City or urban community,,38,Democratic party,,1346103
2018-03-18 9:10:36,2018-03-18 9:12:13,IP Address,100,96,TRUE,2018-03-18 9:12:14,R_1eFQUm12CwA8Rnb,anonymous,EN,"I consent, begin the study",A1R37XA9QPSIAN,,,,9,4.3,4.5,,,,,,,Idaho,Male,,Some college but no degree,White,,Rural community,,61,Republican Party,,4386905
2018-03-18 9:10:33,2018-03-18 9:12:19,IP Address,100,105,TRUE,2018-03-18 9:12:20,R_2E6qGLDA89ceQww,anonymous,EN,"I consent, begin the study",A2SSTHMYQU3ITB,,,,,,,,,,4.1,6.5,7,TEXAS,Male,,Bachelor degree,White,,Suburban community,,69,Republican Party,,6072005
2018-03-18 9:11:56,2018-03-18 9:12:39,IP Address,100,42,TRUE,2018-03-18 9:12:40,R_vi5b9Cs65svfUOJ,anonymous,EN,"I consent, begin the study",A1PD0NGV29HX0W,,,,,,,,,,6.9,7.4,7.9,Ca,Female,,"High school degree or equivalent (e.g., GED)",White,,Rural community,,34,Republican Party,,6272389
2018-03-18 9:09:57,2018-03-18 9:12:41,IP Address,100,163,TRUE,2018-03-18 9:12:41,R_1Q5VNY9Gg0MJb3w,anonymous,EN,"I consent, begin the study",AG430TVZD4313,,,,,,,,,,8,2,9,North Dakota,Female,,"High school degree or equivalent (e.g., GED)","White,Black or African-American",,City or urban community,,18,Independent,,3609044
2018-03-18 9:11:23,2018-03-18 9:12:45,IP Address,100,82,TRUE,2018-03-18 9:12:46,R_1OoRYf2WHoxt53G,anonymous,EN,"I consent, begin the study",A31DI99CWPTJBK,3.3,4.4,7.5,,,,,,,,,,New Jersey,Female,,Graduate degree,White,,Suburban community,,32,Republican Party,,3888686
2018-03-18 9:10:02,2018-03-18 9:12:47,IP Address,100,165,TRUE,2018-03-18 9:12:48,R_3iniCtvzPGAehp8,anonymous,EN,"I consent, begin the study",A2CNRHLND4X5GB,,,,9,3,9,,,,,,,Illinois,Male,,Bachelor degree,White,,Suburban community,,30,Democratic party,,2641663
2018-03-18 9:10:51,2018-03-18 9:13:00,IP Address,100,128,TRUE,2018-03-18 9:13:01,R_2zARxsM5nz1GieF,anonymous,EN,"I consent, begin the study",APOLY5MXUPLUM,7,3.9,9,,,,,,,,,,Colorado,Male,,Some college but no degree,White,,City or urban community,,41,Libertarian Party,,3568642
2018-03-18 9:10:45,2018-03-18 9:13:02,IP Address,100,137,TRUE,2018-03-18 9:13:03,R_UlpXRLMA1xOKNIB,anonymous,EN,"I consent, begin the study",A384RJJPFR9FWR,,,,,,,,,,9,2,9,Florida,Female,,Graduate degree,"White,Black or African-American",,City or urban community,,65,Independent,,1991014
2018-03-18 9:08:53,2018-03-18 9:13:06,IP Address,100,252,TRUE,2018-03-18 9:13:07,R_rkmxV6QQ81QuDPX,anonymous,EN,"I consent, begin the study",A1F1OZ54G177D8,,,,,,,6.1,6.6,6.7,,,,Oregon,Male,,Associate degree,White,,Rural community,,44,Libertarian Party,,9500119
2018-03-18 9:11:30,2018-03-18 9:13:10,IP Address,100,99,TRUE,2018-03-18 9:13:12,R_1j9h8tKsTJrfbeG,anonymous,EN,"I consent, begin the study",AKM6CK7MY7LOE,,,,1,9,1,,,,,,,Pa,Female,,"High school degree or equivalent (e.g., GED)",White,,City or urban community,,51,Democratic party,,5337492
2018-03-18 9:11:08,2018-03-18 9:13:16,IP Address,100,127,TRUE,2018-03-18 9:13:17,R_3dPQVfiQtV54QBk,anonymous,EN,"I consent, begin the study",A6YDORFZZXXPQ,,,,,,,3.4,4.2,6.9,,,,North Carolina,Male,,Bachelor degree,Asian,,Suburban community,,38,Democratic party,,1370420
2018-03-18 9:11:44,2018-03-18 9:13:33,IP Address,100,109,TRUE,2018-03-18 9:13:34,R_3GqEgANxVC4XPt1,anonymous,EN,"I consent, begin the study",ADOVF9SBJJK33,1,9,4,,,,,,,,,,Michigan,Male,,Some college but no degree,White,,Suburban community,,31,Independent,,8175636
2018-03-18 9:12:37,2018-03-18 9:13:34,IP Address,100,57,TRUE,2018-03-18 9:13:35,R_28MUJUf5xyKkDL9,anonymous,EN,"I consent, begin the study",A3O71N1DK8FP3Y,5.9,6,6.1,,,,,,,,,,ny,Female,,Bachelor degree,White,,Rural community,,36,Republican Party,,383989
2018-03-18 9:10:53,2018-03-18 9:13:49,IP Address,100,175,TRUE,2018-03-18 9:13:50,R_1ig0Wpll0k2k9fC,anonymous,EN,"I consent, begin the study",A1SEOOI4EEHKG,,,,,,,7.7,3.6,3.6,,,,AR,Female,,Graduate degree,White,,Rural community,,61,Other (please specify):,Green,340043
2018-03-18 9:11:52,2018-03-18 9:13:51,IP Address,100,119,TRUE,2018-03-18 9:13:52,R_8k5LaUMoCF7J7Zn,anonymous,EN,"I consent, begin the study",A1DM7EO9XBCHAZ,,,,,,,,,,8.6,3.1,8.1,South Carolina,Male,,Some college but no degree,White,,City or urban community,,34,Republican Party,,1268879
2018-03-18 9:12:09,2018-03-18 9:14:45,IP Address,100,155,TRUE,2018-03-18 9:14:46,R_ufyEoJxNm7DtcY1,anonymous,EN,"I consent, begin the study",A11R8G0FYA2UVQ,,,,9,4.2,9,,,,,,,fl,Female,,"High school degree or equivalent (e.g., GED)",White,,Suburban community,,59,Libertarian Party,,9034147
2018-03-18 9:13:58,2018-03-18 9:15:20,IP Address,100,82,TRUE,2018-03-18 9:15:21,R_2aY0vJ7PlsCQ20y,anonymous,EN,"I consent, begin the study",A2WKLFDPHPHEOW,6.6,5.9,7.3,,,,,,,,,,FL,Female,,Associate degree,White,,Suburban community,,38,Democratic party,,2675123
2018-03-18 9:12:50,2018-03-18 9:15:23,IP Address,100,153,TRUE,2018-03-18 9:15:24,R_32RbJAEGclskzOQ,anonymous,EN,"I consent, begin the study",A1KJ9LYACAKIM6,,,,,,,6.6,6,5.1,,,,Louisiana,Female,,Bachelor degree,White,,Rural community,,47,Independent,,5067780
2018-03-18 9:14:22,2018-03-18 9:15:59,IP Address,100,97,TRUE,2018-03-18 9:16:00,R_3KU4AqlHzSHWjai,anonymous,EN,"I consent, begin the study",A28QJ8W2LQRXYQ,,,,,,,,,,8.1,4.2,9,Virginia,Female,,Bachelor degree,White,,Rural community,,31,Republican Party,,8583378
2018-03-18 9:14:09,2018-03-18 9:16:00,IP Address,100,111,TRUE,2018-03-18 9:16:01,R_2V1ookGoqE1Hg7G,anonymous,EN,"I consent, begin the study",A1KZ0KE93WNN5O,,,,1,9,6.4,,,,,,,ohio,Female,,Some college but no degree,White,,Rural community,,50,Democratic party,,1653778
2018-03-18 9:13:05,2018-03-18 9:16:14,IP Address,100,188,TRUE,2018-03-18 9:16:15,R_3ER9Ai9SURNrkGL,anonymous,EN,"I consent, begin the study",A3LNBJ3F5LWMYK,,,,,,,8.1,4,3,,,,Nevada,Female,,Bachelor degree,White,,Rural community,,53,Republican Party,,1904156
2018-03-18 9:14:57,2018-03-18 9:16:28,IP Address,100,90,TRUE,2018-03-18 9:16:28,R_OpyLG3jDlQoh8VX,anonymous,EN,"I consent, begin the study",A1BTZRP5VVYGCC,9,7.9,8.5,,,,,,,,,,USA,Male,,Bachelor degree,Black or African-American,,Rural community,,30,Republican Party,,7118838
2018-03-18 9:14:15,2018-03-18 9:16:51,IP Address,100,156,TRUE,2018-03-18 9:16:52,R_tS5pzQ43u3SWdVL,anonymous,EN,"I consent, begin the study",A2RSG8IMB0ZOB5,9,9,9,,,,,,,,,,Ohio,Female,,Bachelor degree,White,,City or urban community,,60,Democratic party,,1967478
2018-03-18 9:14:39,2018-03-18 9:16:53,IP Address,100,133,TRUE,2018-03-18 9:16:54,R_3dVTEbicGX9Zlem,anonymous,EN,"I consent, begin the study",A1DJEWE7PY7YQX,,,,,,,,,,3.6,6,4,California,Female,,Some college but no degree,White,,Rural community,,62,Independent,,775250
2018-03-18 9:15:02,2018-03-18 9:17:10,IP Address,100,127,TRUE,2018-03-18 9:17:10,R_2tfXYvX3sJnBhFY,anonymous,EN,"I consent, begin the study",A3SUJYKV0JT0HA,,,,7.2,5.9,8.3,,,,,,,California,Female,,Bachelor degree,White,,Rural community,,29,Democratic party,,6428130
2018-03-18 9:14:49,2018-03-18 9:17:13,IP Address,100,143,TRUE,2018-03-18 9:17:14,R_3fNw9eD1M9uIUen,anonymous,EN,"I consent, begin the study",A3PTO5D1UR8CP0,,,,,,,9,9,9,,,,MD,Female,,Graduate degree,White,,Suburban community,,30,Independent,,8147481
2018-03-18 9:13:55,2018-03-18 9:17:52,IP Address,100,236,TRUE,2018-03-18 9:17:53,R_2YS2mKf1bHqF3BX,anonymous,EN,"I consent, begin the study",A1CY01G7686ORZ,,,,1,9,1,,,,,,,PA,Female,,Some college but no degree,White,,Suburban community,,35,Republican Party,,9969891
2018-03-18 9:15:26,2018-03-18 9:18:21,IP Address,100,174,TRUE,2018-03-18 9:18:21,R_es4jPAhCC8FbJ3X,anonymous,EN,"I consent, begin the study",A161AJDHLJVCLZ,,,,,,,,,,7.1,3.8,6,PA,Female,,Graduate degree,White,,Suburban community,,30,Democratic party,,1435339
2018-03-18 9:17:01,2018-03-18 9:18:21,IP Address,100,79,TRUE,2018-03-18 9:18:22,R_3flcp31dlABIF3N,anonymous,EN,"I consent, begin the study",A1OKMU27HBN9T3,,,,,,,6.6,2.5,3.3,,,,pa,Female,,Bachelor degree,White,,Suburban community,,45,Independent,,1092489
2018-03-18 9:17:15,2018-03-18 9:18:39,IP Address,100,84,TRUE,2018-03-18 9:18:40,R_Q0uAmbncEu6b7sR,anonymous,EN,"I consent, begin the study",A2R2FQX11VOMYG,,,,,,,,,,8.7,7.6,7.5,usa,Male,,Bachelor degree,Black or African-American,,City or urban community,,30,Republican Party,,545928
2018-03-18 9:17:06,2018-03-18 9:18:52,IP Address,100,105,TRUE,2018-03-18 9:18:52,R_10pA0uK7sJw2XjD,anonymous,EN,"I consent, begin the study",A15X6O2JE40VGB,1.3,9,8.2,,,,,,,,,,co,Female,,Graduate degree,Other (please specify):,multiple,Suburban community,,35,Independent,,2829062
2018-03-18 9:16:49,2018-03-18 9:18:57,IP Address,100,127,TRUE,2018-03-18 9:18:58,R_PA87JLK6jb8dWNz,anonymous,EN,"I consent, begin the study",A2BXQ8SZLFQF4D,,,,1,2.9,9,,,,,,,Michigan,Female,,Bachelor degree,White,,Other (please specify):,Small Town,56,Republican Party,,984910
2018-03-18 9:18:10,2018-03-18 9:19:41,IP Address,100,91,TRUE,2018-03-18 9:19:42,R_AtkSmY2CXSrkCfn,anonymous,EN,"I consent, begin the study",AFEL74X320SX4,,,,,,,8.4,8.8,7.9,,,,USA,Male,,Bachelor degree,Black or African-American,,Suburban community,,30,Republican Party,,8346429
2018-03-18 9:17:28,2018-03-18 9:20:37,IP Address,100,189,TRUE,2018-03-18 9:20:38,R_1otM3lh1qhMQDvU,anonymous,EN,"I consent, begin the study",A3KF9DXMEZBAPG,,,,5.4,4,5.5,,,,,,,texas,Female,,"High school degree or equivalent (e.g., GED)",White,,Rural community,,29,Independent,,6981042
2018-03-18 9:19:12,2018-03-18 9:21:29,IP Address,100,137,TRUE,2018-03-18 9:21:30,R_8BaXvwZGA1DOuxH,anonymous,EN,"I consent, begin the study",A4Q5UMLPP39P0,9,1,1.1,,,,,,,,,,Oklahoma,Male,,Some college but no degree,White,,Rural community,,21,"Libertarian Party,Independent",,21463
2018-03-18 9:19:43,2018-03-18 9:21:30,IP Address,100,107,TRUE,2018-03-18 9:21:30,R_3P6rWesg3VQ3RNs,anonymous,EN,"I consent, begin the study",A6W0BC36U0TUS,1.2,9,7,,,,,,,,,,South Carolina,Female,,Some college but no degree,White,,Suburban community,,31,Republican Party,,2196107
2018-03-18 9:20:30,2018-03-18 9:21:46,IP Address,100,76,TRUE,2018-03-18 9:21:47,R_2fybbCJFJf4kKwO,anonymous,EN,"I consent, begin the study",A1BVEXQ684HDEP,,,,2.9,9,5,,,,,,,Florida ,Female,,"High school degree or equivalent (e.g., GED)",White,,City or urban community,,23,Independent,,8108582
2018-03-18 9:22:18,2018-03-18 9:23:23,IP Address,100,64,TRUE,2018-03-18 9:23:23,R_3F3R7N0uNj4yYrc,anonymous,EN,"I consent, begin the study",A39HSOL2DZIR2Y,,,,,,,,,,1,9,9,Kentucky,Male,,Bachelor degree,White,,Rural community,,22,Democratic party,,8177595
2018-03-18 9:22:11,2018-03-18 9:23:25,IP Address,100,74,TRUE,2018-03-18 9:23:26,R_0HULn9iETMMVCfL,anonymous,EN,"I consent, begin the study",A2G4PA35IX5RIA,,,,,,,5.1,7.5,9,,,,Texas,Male,,Some college but no degree,White,,City or urban community,,29,Libertarian Party,,2054950
2018-03-18 9:22:23,2018-03-18 9:23:28,IP Address,100,64,TRUE,2018-03-18 9:23:29,R_1JUyuvnZNlkPmQf,anonymous,EN,"I consent, begin the study",A16G5NXTYXCZHX,,,,,,,,,,5.3,5.6,5.5,utah,Female,,Less than high school degree,White,,City or urban community,,28,Independent,,9150433
2018-03-18 9:22:17,2018-03-18 9:23:59,IP Address,100,102,TRUE,2018-03-18 9:24:00,R_3k0XXgENxrkBmpa,anonymous,EN,"I consent, begin the study",A3GAQNTZ1V1VO,7.7,6.9,8.2,,,,,,,,,,Pennsylvania,Male,,Graduate degree,Asian-American,,City or urban community,,27,Independent,,1431962
2018-03-18 9:19:07,2018-03-18 9:24:00,IP Address,100,293,TRUE,2018-03-18 9:24:01,R_1NncFYdUD0zoakQ,anonymous,EN,"I consent, begin the study",A3F51C49T9A34D,,,,,,,6,5.5,7.5,,,,texas,Male,,Graduate degree,White,,Suburban community,,52,Independent,,1718780
2018-03-18 9:22:24,2018-03-18 9:24:26,IP Address,100,122,TRUE,2018-03-18 9:24:27,R_1BXTn5tfWedsgOy,anonymous,EN,"I consent, begin the study",A2UJ9BXRZK6ZL4,,,,9,1,3.7,,,,,,,Texas,Female,,Graduate degree,"Spanish, Hispanic, or Latino",,City or urban community,,44,Democratic party,,395761
2018-03-18 9:23:45,2018-03-18 9:26:02,IP Address,100,137,TRUE,2018-03-18 9:26:03,R_3QKHS3xxdY4M6jS,anonymous,EN,"I consent, begin the study",A17FU7PPRP3JM8,,,,,,,2.9,8.1,8.3,,,,california,Male,,Graduate degree,Asian,,Suburban community,,30,Democratic party,,1454058
2018-03-18 9:21:38,2018-03-18 9:26:26,IP Address,100,287,TRUE,2018-03-18 9:26:27,R_1HuhW1vl6DvwtIR,anonymous,EN,"I consent, begin the study",A1YBX7P5PY8LL,,,,,,,,,,8.4,2.9,8.3,Massachusetts ,Male,,Graduate degree,White,,Suburban community,,35,Democratic party,,9913731
2018-03-18 9:25:25,2018-03-18 9:26:56,IP Address,100,90,TRUE,2018-03-18 9:26:56,R_3pr6EHp3DwEukhC,anonymous,EN,"I consent, begin the study",A1WTUFTRMUN5IR,,,,2.9,1,8.9,,,,,,,New york,Male,,Some college but no degree,White,,Suburban community,,24,Democratic party,,3100487
2018-03-18 9:25:25,2018-03-18 9:27:21,IP Address,100,115,TRUE,2018-03-18 9:27:22,R_1rOjHWSxkJhqtxc,anonymous,EN,"I consent, begin the study",A3W41C5MFM1ZZ6,3.3,3.1,8,,,,,,,,,,North Carolina,Male,,Bachelor degree,White,,Suburban community,,32,Republican Party,,6329026
2018-03-18 9:27:30,2018-03-18 9:28:40,IP Address,100,69,TRUE,2018-03-18 9:28:41,R_x8UsUyuG4GmXF61,anonymous,EN,"I consent, begin the study",A2JLHPINQIBZBB,,,,,,,3,6,8,,,,Virginia,Male,,Graduate degree,White,,City or urban community,,27,Democratic party,,1254041
2018-03-18 9:28:28,2018-03-18 9:29:39,IP Address,100,71,TRUE,2018-03-18 9:29:40,R_1C7JKpT2a0F7RWf,anonymous,EN,"I consent, begin the study",AVUTKN1N2TIF4,,,,,,,9,9,9,,,,NC,Female,,Graduate degree,White,,Suburban community,,38,Democratic party,,2444893
2018-03-18 9:28:47,2018-03-18 9:30:26,IP Address,100,98,TRUE,2018-03-18 9:30:27,R_26mwwNHBb0qoqGI,anonymous,EN,"I consent, begin the study",A39ZMNLNF8M7H6,3.9,3.8,9,,,,,,,,,,Michigan,Male,,Associate degree,White,,Suburban community,,33,Independent,,8915014
2018-03-18 9:29:06,2018-03-18 9:30:38,IP Address,100,92,TRUE,2018-03-18 9:30:39,R_12u8U3oj84vXu5X,anonymous,EN,"I consent, begin the study",A31PCN2LP7DP8I,,,,,,,,,,8,3,8.6,Pennsylvania,Female,,Associate degree,White,,Suburban community,,35,Democratic party,,9937131
2018-03-18 9:26:04,2018-03-18 9:31:01,IP Address,100,296,TRUE,2018-03-18 9:31:02,R_1lfs4Pmi7aKS3GO,anonymous,EN,"I consent, begin the study",APDZ10TRIR1Q9,,,,7,1,7.9,,,,,,,Massachusetts,Male,,"High school degree or equivalent (e.g., GED)",White,,Suburban community,,29,Democratic party,,6046963
2018-03-18 9:29:37,2018-03-18 9:31:29,IP Address,100,112,TRUE,2018-03-18 9:31:30,R_1MRhwlxXsnJ8PiB,anonymous,EN,"I consent, begin the study",AASWAMYQ9PXMQ,,,,,,,,,,9,9,9,Illinois,Female,,Associate degree,White,,Suburban community,,44,Republican Party,,842491
2018-03-18 9:29:19,2018-03-18 9:32:14,IP Address,100,175,TRUE,2018-03-18 9:32:15,R_e2M8WTQu0TWrPQl,anonymous,EN,"I consent, begin the study",A19OEH9E8SNCD1,1,9,4.1,,,,,,,,,,lorida,Female,,Some college but no degree,White,,City or urban community,,38,Democratic party,,4675443
2018-03-18 9:13:11,2018-03-18 9:32:29,IP Address,100,1158,TRUE,2018-03-18 9:32:30,R_30leGPxR8gcsO6i,anonymous,EN,"I consent, begin the study",AKSJ3C5O3V9RB,,,,,,,,,,1,4.7,8,New York,Female,,Graduate degree,Asian-American,,City or urban community,,25,Democratic party,,4454683
2018-03-18 9:30:38,2018-03-18 9:33:20,IP Address,100,162,TRUE,2018-03-18 9:33:21,R_3HOGz4JZykZx4rM,anonymous,EN,"I consent, begin the study",AKPXWXJFLHM08,,,,,,,6.5,6.4,6.5,,,,CA,Male,,Bachelor degree,White,,City or urban community,,27,Democratic party,,8196413
2018-03-18 9:30:13,2018-03-18 9:33:21,IP Address,100,188,TRUE,2018-03-18 9:33:22,R_wMfoKJ0Tf0NQAFP,anonymous,EN,"I consent, begin the study",A31681CCEVDIH3,,,,6.1,5.1,3.2,,,,,,,TX,Female,,Some college but no degree,White,,Suburban community,,30,Independent,,1001182
2018-03-18 9:31:09,2018-03-18 9:33:29,IP Address,100,140,TRUE,2018-03-18 9:33:30,R_27OwwTOwxG1WevV,anonymous,EN,"I consent, begin the study",A6TSV1WPP3GG3,,,,,,,1,4.4,8,,,,Texas,Male,,Bachelor degree,White,,Rural community,,58,Democratic party,,2439774
2018-03-18 9:30:46,2018-03-18 9:34:07,IP Address,100,200,TRUE,2018-03-18 9:34:08,R_2hLS935ITyTvIvT,anonymous,EN,"I consent, begin the study",A2G9163W7Y67UD,,,,3,3.5,8.5,,,,,,,Texas,Male,,Some college but no degree,White,,Rural community,,36,Democratic party,,3288052
2018-03-18 9:32:27,2018-03-18 9:34:07,IP Address,100,100,TRUE,2018-03-18 9:34:08,R_2ErYQgXA3QwhaUS,anonymous,EN,"I consent, begin the study",A3E8SXH0BAYG85,1,9,1.9,,,,,,,,,,Oregon,Male,,Some college but no degree,White,,Rural community,,45,Independent,,2756295
2018-03-18 9:32:56,2018-03-18 9:35:08,IP Address,100,132,TRUE,2018-03-18 9:35:09,R_3j6BLRsyfmxIOsb,anonymous,EN,"I consent, begin the study",A158TG8589P73T,,,,,,,,,,9,2.8,6.6,al,Male,,Some college but no degree,White,,Rural community,,32,Republican Party,,1001860
2018-03-18 9:33:32,2018-03-18 9:35:49,IP Address,100,136,TRUE,2018-03-18 9:35:49,R_31h3oNdV9w1FQaR,anonymous,EN,"I consent, begin the study",A3IMI807MCMXK3,,,,,,,,,,9,2,7,georgia,Female,,Graduate degree,Black or African-American,,Suburban community,,26,Independent,,8419095
2018-03-18 9:34:43,2018-03-18 9:35:55,IP Address,100,72,TRUE,2018-03-18 9:35:56,R_1CHDO4iTwx23tCq,anonymous,EN,"I consent, begin the study",AKX5RHHO8BIUX,,,,,,,9,9,9,,,,Minnesota,Male,,Bachelor degree,White,,City or urban community,,57,Independent,,7374435
2018-03-18 9:35:06,2018-03-18 9:37:39,IP Address,100,153,TRUE,2018-03-18 9:37:39,R_2QY8cZdg3gLcG1d,anonymous,EN,"I consent, begin the study",AD368A1RHHRC3,,,,1,9,1,,,,,,,Colorado,Female,,Some college but no degree,White,,Rural community,,70,Republican Party,,1420041
2018-03-18 9:35:41,2018-03-18 9:37:39,IP Address,100,118,TRUE,2018-03-18 9:37:40,R_2Tuzkxrce92t1Ko,anonymous,EN,"I consent, begin the study",A3AYERSOZS8W4D,2.9,7,7,,,,,,,,,,Colorado,Male,,Some college but no degree,White,,Suburban community,,46,Republican Party,,8597068
2018-03-18 9:34:04,2018-03-18 9:39:39,IP Address,100,335,TRUE,2018-03-18 9:39:41,R_3DiCHgEbUukpc89,anonymous,EN,"I consent, begin the study",A8QTX0UZQYT2X,,,,9,1.9,8.9,,,,,,,connecticut,Male,,Associate degree,Black or African-American,,Suburban community,,25,Democratic party,,5950622
2018-03-18 9:37:39,2018-03-18 9:40:21,IP Address,100,161,TRUE,2018-03-18 9:40:22,R_eyDkd4VYGllnmvf,anonymous,EN,"I consent, begin the study",A3TW179Z0GG8JG,1.4,4.6,8.1,,,,,,,,,,Louisiana,Female,,Bachelor degree,White,,Suburban community,,59,Democratic party,,4957808
2018-03-18 9:46:05,2018-03-18 9:47:43,IP Address,100,98,TRUE,2018-03-18 9:47:44,R_3HjjmO7ECPpNfsE,anonymous,EN,"I consent, begin the study",A3KMNX2P2QP9JU,,,,,,,,,,9,1,9,Maryland,Female,,Bachelor degree,Black or African-American,,Suburban community,,46,Democratic party,,3581177
2018-03-18 9:31:18,2018-03-18 9:58:21,IP Address,100,1622,TRUE,2018-03-18 9:58:22,R_u50wmHVESDsoYAp,anonymous,EN,"I consent, begin the study",A1SFZ9BHP4WSAQ,,,,,,,9,5.1,9,,,,nc,Male,,Bachelor degree,White,,Rural community,,29,Libertarian Party,,1746870
2018-03-18 9:57:47,2018-03-18 9:58:30,IP Address,100,43,TRUE,2018-03-18 9:58:31,R_1Cp89lz0Kxx5hJQ,anonymous,EN,"I consent, begin the study",A17D6BK59S31BM,,,,5.2,5.6,6.5,,,,,,,TX,Male,,Associate degree,White,,Suburban community,,28,Independent,,5168587
2018-03-18 10:49:15,2018-03-18 10:50:58,IP Address,100,103,TRUE,2018-03-18 10:50:59,R_3ERzfHgBO9dB4fq,anonymous,EN,"I consent, begin the study",ARVU7VYF2489E,,,,,,,,,,7.5,7.2,6.7,Connecticut,Male,,Some college but no degree,Asian,,Suburban community,,23,Democratic party,,8783837
2018-03-18 11:30:50,2018-03-18 11:32:54,IP Address,100,123,TRUE,2018-03-18 11:32:54,R_2EF8j4cDxaIfxUJ,anonymous,EN,"I consent, begin the study",A2BK1NV14R38G4,,,,,,,5,7.7,9,,,,Missouri,Male,,Some college but no degree,White,,City or urban community,,47,Democratic party,,357886
2018-03-18 11:32:06,2018-03-18 11:34:52,IP Address,100,165,TRUE,2018-03-18 11:34:53,R_27kgiXjjnmRLKHA,anonymous,EN,"I consent, begin the study",A3CWEN6Y21V7TL,3,4,3,,,,,,,,,,PA,Female,,Some college but no degree,White,,Suburban community,,69,Independent,,6457325
2018-03-18 11:32:30,2018-03-18 11:35:00,IP Address,100,149,TRUE,2018-03-18 11:35:01,R_3HjhxarZLU2qHrq,anonymous,EN,"I consent, begin the study",A8K9LSIWIWYN7,,,,,,,,,,9,1.3,8.7,AZ,Female,,Associate degree,White,,Suburban community,,50,Independent,,7876617
2018-03-18 13:28:05,2018-03-18 13:31:20,IP Address,100,194,TRUE,2018-03-18 13:31:20,R_1eJAEvTjFmGy94j,anonymous,EN,"I consent, begin the study",A24XNMN3P7EMLO,,,,9,4,9,,,,,,,MA,Female,,Bachelor degree,White,,Suburban community,,32,Independent,,1551935
2018-03-19 6:03:52,2018-03-19 6:04:59,IP Address,100,66,TRUE,2018-03-19 6:04:59,R_1lmH974o6Gtq3pi,anonymous,EN,"I consent, begin the study",A1U5BE8XJRXKW3,1,9,7.5,,,,,,,,,,Alabama,Male,,Associate degree,White,,Suburban community,,36,Democratic party,,2430870
2018-03-19 6:04:02,2018-03-19 6:05:02,IP Address,100,59,TRUE,2018-03-19 6:05:03,R_3qTGT76IJDJH0FH,anonymous,EN,"I consent, begin the study",A2JHF7CU91EVXW,,,,,,,1,8.6,7,,,,New Jersey,Male,,Bachelor degree,White,,Suburban community,,43,Democratic party,,4884387
2018-03-19 6:03:56,2018-03-19 6:05:30,IP Address,100,93,TRUE,2018-03-19 6:05:31,R_2azPvyHB1U4xmOO,anonymous,EN,"I consent, begin the study",AP761OJXC1MAE,,,,,,,3.3,7.8,9,,,,Massachusetts,Male,,Graduate degree,White,,Suburban community,,46,Green Party,,1853379
2018-03-19 6:03:46,2018-03-19 6:05:37,IP Address,100,111,TRUE,2018-03-19 6:05:38,R_2rSYAiPMjp8ejeB,anonymous,EN,"I consent, begin the study",A1VC6F0FYG1L5I,,,,,,,3,9,9,,,,Missouri,Female,,Bachelor degree,White,,City or urban community,,34,Independent,,7556048
2018-03-19 6:04:17,2018-03-19 6:05:46,IP Address,100,88,TRUE,2018-03-19 6:05:47,R_2ElSeX2yGh8AdWG,anonymous,EN,"I consent, begin the study",A3RCETMMFRHL1S,,,,8.8,1.5,8.4,,,,,,,Michigan,Male,,Bachelor degree,White,,Suburban community,,38,Independent,,941439
2018-03-19 6:04:24,2018-03-19 6:05:54,IP Address,100,89,TRUE,2018-03-19 6:05:55,R_Zk8aK5XeEcISXZv,anonymous,EN,"I consent, begin the study",A254V043VANIO0,,,,,,,,,,1.9,5.5,6.3,PA,Female,,Bachelor degree,Asian,,Rural community,,45,Republican Party,,7900049
2018-03-19 6:04:05,2018-03-19 6:06:03,IP Address,100,118,TRUE,2018-03-19 6:06:04,R_1IvfrPOdiCzKSQS,anonymous,EN,"I consent, begin the study",A32WKUV95813JH,9,5,5,,,,,,,,,,North Carolina,Female,,Some college but no degree,Black or African-American,,Rural community,,29,Independent,,6725534
2018-03-19 6:05:36,2018-03-19 6:06:23,IP Address,100,46,TRUE,2018-03-19 6:06:23,R_3qlZWJlzMZr6IWL,anonymous,EN,"I consent, begin the study",A3UCMC3O58E3DM,,,,5.1,5.1,5.1,,,,,,,Illinois,Male,,Graduate degree,White,,City or urban community,,26,Democratic party,,6580799
2018-03-19 6:05:01,2018-03-19 6:06:51,IP Address,100,110,TRUE,2018-03-19 6:06:52,R_3dE1ivpBb0Oh4Qm,anonymous,EN,"I consent, begin the study",A2EW08X2I87RXL,,,,5,5,3,,,,,,,Texas,Male,,Some college but no degree,Asian,,Suburban community,,34,Republican Party,,9583397
2018-03-19 6:04:22,2018-03-19 6:06:52,IP Address,100,150,TRUE,2018-03-19 6:06:53,R_2QyoLyMgNpxgndO,anonymous,EN,"I consent, begin the study",A3V5HG7S6732RK,2.7,2.4,9,,,,,,,,,,Arizona,Female,,Associate degree,"Spanish, Hispanic, or Latino",,City or urban community,,24,Independent,,2244305
2018-03-19 6:05:10,2018-03-19 6:07:20,IP Address,100,130,TRUE,2018-03-19 6:07:21,R_2QYZsTIElkhND9g,anonymous,EN,"I consent, begin the study",A2DC6TG86OSCRK,,,,,,,2.4,6.6,8,,,,MO,Female,,Graduate degree,White,,Suburban community,,46,Democratic party,,7018247
2018-03-19 6:05:04,2018-03-19 6:07:21,IP Address,100,136,TRUE,2018-03-19 6:07:21,R_eA5u2dGJQm8Vve9,anonymous,EN,"I consent, begin the study",A2A0XET6G9BJO5,,,,,,,,,,8,3,9,Ohio,Male,,Bachelor degree,White,,Suburban community,,50,Independent,,7993091
2018-03-19 6:05:48,2018-03-19 6:07:57,IP Address,100,128,TRUE,2018-03-19 6:07:58,R_2zc0erjsY5Qq138,anonymous,EN,"I consent, begin the study",A1OZPLHNIU1519,,,,,,,,,,8,2,6,Washington,Male,,Some college but no degree,White,,City or urban community,,54,Independent,,6308802
2018-03-19 6:06:14,2018-03-19 6:08:06,IP Address,100,111,TRUE,2018-03-19 6:08:07,R_PTclPKv8ldai7zr,anonymous,EN,"I consent, begin the study",ADZ16EQ74XHJ7,5,4,7.5,,,,,,,,,,Michigan,Male,,"High school degree or equivalent (e.g., GED)",White,,City or urban community,,25,Independent,,580700
2018-03-19 6:06:35,2018-03-19 6:08:08,IP Address,100,93,TRUE,2018-03-19 6:08:09,R_dfZZcrleXYDwsSJ,anonymous,EN,"I consent, begin the study",AO9YO8LW3AWGC,,,,,,,,,,8.5,1,1.9,Maryland,Male,,Graduate degree,White,,City or urban community,,33,Democratic party,,8104048
2018-03-19 6:06:57,2018-03-19 6:08:16,IP Address,100,79,TRUE,2018-03-19 6:08:17,R_2R8L6M8yJABVMDI,anonymous,EN,"I consent, begin the study",A3U21PUMQ6NGT2,,,,,,,8.5,6.2,7.4,,,,Kentucky,Female,,Some college but no degree,White,,City or urban community,,36,Democratic party,,5471969
2018-03-19 6:06:59,2018-03-19 6:08:22,IP Address,100,83,TRUE,2018-03-19 6:08:23,R_xuAxYcxneZ2Ude9,anonymous,EN,"I consent, begin the study",A321YWMP74ULKH,,,,,,,7.8,6.5,7.3,,,,texas,Male,,Bachelor degree,American Indian or Alaskan Native,,City or urban community,,28,Democratic party,,5236320
2018-03-19 6:06:19,2018-03-19 6:08:26,IP Address,100,126,TRUE,2018-03-19 6:08:27,R_1Hc3CBprFwYiN8Y,anonymous,EN,"I consent, begin the study",A36H3PO6JZD414,,,,8.2,3.1,7.7,,,,,,,maine,Male,,"High school degree or equivalent (e.g., GED)",White,,Rural community,,52,Republican Party,,9408245
2018-03-19 6:05:55,2018-03-19 6:08:29,IP Address,100,153,TRUE,2018-03-19 6:08:30,R_2znDCz8MC3CDMap,anonymous,EN,"I consent, begin the study",ADYMIMV1PE14V,7.9,3.4,4.2,,,,,,,,,,La.,Female,,Bachelor degree,White,,Rural community,,57,Independent,,2713140
2018-03-19 6:04:31,2018-03-19 6:08:48,IP Address,100,257,TRUE,2018-03-19 6:08:49,R_3FWFwyrrjS5pH4A,anonymous,EN,"I consent, begin the study",A32XODQOC2CCDG,,,,4.1,9,6.4,,,,,,,California,Male,,Bachelor degree,"Spanish, Hispanic, or Latino",,Suburban community,,25,Democratic party,,67882
2018-03-19 6:07:34,2018-03-19 6:10:01,IP Address,100,146,TRUE,2018-03-19 6:10:02,R_1rlEJTneolGmlXQ,anonymous,EN,"I consent, begin the study",A2VOADROWMC2ZM,1.1,5.1,5.9,,,,,,,,,,PA,Female,,Associate degree,White,,City or urban community,,64,Republican Party,,2404576
2018-03-19 6:09:00,2018-03-19 6:11:08,IP Address,100,127,TRUE,2018-03-19 6:11:08,R_2CxqmyEUk3bV4jO,anonymous,EN,"I consent, begin the study",A3LOAK3P1D1VOO,,,,,,,9,1,1,,,,TEXAS,Male,,Some college but no degree,White,,Rural community,,48,Democratic party,,5266907
2018-03-19 6:08:04,2018-03-19 6:11:10,IP Address,100,186,TRUE,2018-03-19 6:11:11,R_26nn948xDXLUgkz,anonymous,EN,"I consent, begin the study",A15YYU3A3SW1T9,,,,,,,,,,9,5,6,NJ,Female,,Bachelor degree,"Spanish, Hispanic, or Latino,White",,Suburban community,,55,Democratic party,,3628768
2018-03-19 6:08:20,2018-03-19 6:11:38,IP Address,100,197,TRUE,2018-03-19 6:11:39,R_28XTCdIKkBagu1C,anonymous,EN,"I consent, begin the study",A2QLFIUY3LC9D7,,,,8,2.9,5.9,,,,,,,New Hampshire,Male,,Graduate degree,White,,Suburban community,,31,Independent,,3730552
2018-03-19 6:09:46,2018-03-19 6:11:47,IP Address,100,121,TRUE,2018-03-19 6:11:48,R_1HjXHNmL7wPJTHm,anonymous,EN,"I consent, begin the study",A3PE20PVSRKCLA ,,,,,,,,,,8.3,2.3,8.1,Georgia,Female,,"High school degree or equivalent (e.g., GED)",White,,Rural community,,61,Republican Party,,3850494
2018-03-19 6:08:32,2018-03-19 6:11:48,IP Address,100,195,TRUE,2018-03-19 6:11:49,R_2s0h8IlLDlqieOT,anonymous,EN,"I consent, begin the study",A2KED6T6BO622W,4.4,8,8.6,,,,,,,,,,North Carolina ,Female,,Bachelor degree,White,,Suburban community,,48,Independent,,7727818
2018-03-19 6:10:40,2018-03-19 6:12:28,IP Address,100,107,TRUE,2018-03-19 6:12:28,R_1OP3GoaeaqbIPnA,anonymous,EN,"I consent, begin the study",A132H53I8VX2OC,,,,,,,1.5,5.7,7.8,,,,New Jersey,Male,,Bachelor degree,White,,Suburban community,,41,Democratic party,,7990617
2018-03-19 6:11:07,2018-03-19 6:12:38,IP Address,100,91,TRUE,2018-03-19 6:12:39,R_bqiZvx8Ms5cAn4d,anonymous,EN,"I consent, begin the study",A3TM9RWWBPQBVM,,,,8,6,9,,,,,,,NJ,Female,,Associate degree,White,,Suburban community,,32,Democratic party,,4410280
2018-03-19 6:10:46,2018-03-19 6:12:51,IP Address,100,125,TRUE,2018-03-19 6:12:52,R_ZlY4JQ38ISt3sgp,anonymous,EN,"I consent, begin the study",A35ARURSRU6UAZ,6,4,8.6,,,,,,,,,,GEORGIA,Female,,Associate degree,White,,Suburban community,,32,Republican Party,,7855323
2018-03-19 6:10:55,2018-03-19 6:13:18,IP Address,100,143,TRUE,2018-03-19 6:13:19,R_2doLk4RXQTuiUbQ,anonymous,EN,"I consent, begin the study",A1WCL5L7NIPI11,,,,,,,,,,8.7,1.8,7,TN,Female,,Bachelor degree,White,,Suburban community,,27,Independent,,6022355
2018-03-19 6:10:35,2018-03-19 6:13:30,IP Address,100,175,TRUE,2018-03-19 6:13:31,R_1k1efH2X322RodI,anonymous,EN,"I consent, begin the study",ABREDVJ6LQDOF,,,,,,,4,6,9,,,,Florida,Female,,"High school degree or equivalent (e.g., GED)",White,,Suburban community,,42,Democratic party,,853902
2018-03-19 6:12:16,2018-03-19 6:13:50,IP Address,100,94,TRUE,2018-03-19 6:13:51,R_2sU1DdRksi5fLz2,anonymous,EN,"I consent, begin the study",A27FVFG2LQIQ1S,,,,,,,,,,2.9,2,6.8,New Jersey,Male,,"High school degree or equivalent (e.g., GED)",White,,Suburban community,,18,Independent,,649904
2018-03-19 6:12:00,2018-03-19 6:13:53,IP Address,100,112,TRUE,2018-03-19 6:13:54,R_cJa40oaRIMF9NAt,anonymous,EN,"I consent, begin the study",AF1AH59OFZR5Q,,,,1,1,9,,,,,,,New Yrok,Male,,Graduate degree,White,,Suburban community,,44,Independent,,7377937
2018-03-19 6:12:10,2018-03-19 6:13:55,IP Address,100,105,TRUE,2018-03-19 6:13:56,R_23eQpKOYXwqFqRv,anonymous,EN,"I consent, begin the study",A2HZID2S9IVQ9G,,,,9,3.8,5.5,,,,,,,North Carolina,Female,,Some college but no degree,White,,Suburban community,,58,Republican Party,,2803695
2018-03-19 6:12:28,2018-03-19 6:14:16,IP Address,100,107,TRUE,2018-03-19 6:14:16,R_1pxn9SMeg8oUEe3,anonymous,EN,"I consent, begin the study",A219VCQZADQ45W,,,,,,,7.9,4.3,4.4,,,,NC,Female,,Bachelor degree,White,,City or urban community,,65,Republican Party,,1722607
2018-03-19 6:11:53,2018-03-19 6:14:16,IP Address,100,143,TRUE,2018-03-19 6:14:17,R_1H5g8eQZa58W3IA,anonymous,EN,"I consent, begin the study",A1P8VLZCM0ZYFT,7,2.1,8.9,,,,,,,,,,Texas,Male,,Bachelor degree,Black or African-American,,Suburban community,,33,Democratic party,,4017829
2018-03-19 6:12:07,2018-03-19 6:14:28,IP Address,100,141,TRUE,2018-03-19 6:14:29,R_1dacBNN3yPCkjtC,anonymous,EN,"I consent, begin the study",A3H6NR498AXDTE,9,6,9,,,,,,,,,,Wisconsin,Male,,Bachelor degree,White,,Suburban community,,35,Independent,,7440078
2018-03-19 6:12:34,2018-03-19 6:14:34,IP Address,100,119,TRUE,2018-03-19 6:14:35,R_3RrckBnJNUKGPtF,anonymous,EN,"I consent, begin the study",A3GWLK88QR7KRJ,,,,4.1,6.7,8.7,,,,,,,Massachusetts,Female,,Bachelor degree,White,,Suburban community,,24,Democratic party,,3271503
2018-03-19 6:10:33,2018-03-19 6:14:50,IP Address,100,257,TRUE,2018-03-19 6:14:51,R_27p34fqDwYmX42D,anonymous,EN,"I consent, begin the study",A3MSKIZ1LVM1WI,,,,,,,,,,5.2,9,8.5,MI,Female,,Some college but no degree,White,,Rural community,,58,Independent,,6863329
2018-03-19 6:13:18,2018-03-19 6:14:59,IP Address,100,100,TRUE,2018-03-19 6:15:00,R_2ZUgW2gMsKymOTD,anonymous,EN,"I consent, begin the study",A30NSQSIJSDS64,1,5.1,7.4,,,,,,,,,,Michigan,Male,,Graduate degree,Black or African-American,,City or urban community,,30,Independent,,5538932
2018-03-19 6:12:56,2018-03-19 6:15:37,IP Address,100,160,TRUE,2018-03-19 6:15:38,R_3ktFhzZmGtyAo3o,anonymous,EN,"I consent, begin the study",A21SF3IKIZB0VN,,,,,,,,,,5.9,1,8.4,Florida,Female,,Graduate degree,White,,Suburban community,,71,Republican Party,,2190502
2018-03-19 6:13:19,2018-03-19 6:16:01,IP Address,100,162,TRUE,2018-03-19 6:16:02,R_et9u9uYWrbsFcGJ,anonymous,EN,"I consent, begin the study",A38PC570ZB9OWL,1,8.2,5.8,,,,,,,,,,South Carolina,Male,,Some college but no degree,White,,Suburban community,,31,Independent,,5948837
2018-03-19 6:13:59,2018-03-19 6:16:06,IP Address,100,126,TRUE,2018-03-19 6:16:06,R_T0XknKyt2m9UwEx,anonymous,EN,"I consent, begin the study",AWFF9AMXP45J8,,,,,,,1.5,2.5,1.1,,,,ohio,Female,,Some college but no degree,White,,Rural community,,47,Independent,,9935678
2018-03-19 6:14:07,2018-03-19 6:16:29,IP Address,100,142,TRUE,2018-03-19 6:16:30,R_NXOQrQycaXX8gvf,anonymous,EN,"I consent, begin the study",A15VQIP3TW0OTD,,,,8.4,2,3.3,,,,,,,West Virginia ,Male,,Graduate degree,White,,Rural community,,45,Independent,,3453033
2018-03-19 6:16:19,2018-03-19 6:18:07,IP Address,100,107,TRUE,2018-03-19 6:18:08,R_2e3Cd2G403KN7Wz,anonymous,EN,"I consent, begin the study",AMY9EM1GA7VYP,,,,,,,1,6.2,6.5,,,,Michigan,Female,,"High school degree or equivalent (e.g., GED)",White,,Rural community,,35,Independent,,8688510
2018-03-19 6:16:21,2018-03-19 6:18:15,IP Address,100,114,TRUE,2018-03-19 6:18:16,R_2qaTuwrGFTxBz7E,anonymous,EN,"I consent, begin the study",A1ZOKYGMXHAHXY,,,,,,,,,,2,5,2,NC,Female,,Graduate degree,White,,Suburban community,,35,Republican Party,,8645404
2018-03-19 6:17:48,2018-03-19 6:19:05,IP Address,100,76,TRUE,2018-03-19 6:19:06,R_2ctqzLiSwtnNHUy,anonymous,EN,"I consent, begin the study",A8NLISJCZ38IZ,,,,,,,,,,8.2,5.1,8.4,,Female,,Bachelor degree,White,,Suburban community,,32,Republican Party,,8048708
2018-03-19 6:18:01,2018-03-19 6:19:41,IP Address,100,99,TRUE,2018-03-19 6:19:42,R_3k6OHZrzJXsFDSL,anonymous,EN,"I consent, begin the study",A36EKMJH2ZBZWY,,,,,,,8,8,8,,,,Illinois,Female,,Bachelor degree,White,,City or urban community,,25,Independent,,7764846
2018-03-19 6:17:07,2018-03-19 6:19:47,IP Address,100,160,TRUE,2018-03-19 6:19:48,R_25MHgjggPvwOWC9,anonymous,EN,"I consent, begin the study",A2L0DI8GCL54U8,5.1,5,9,,,,,,,,,,RI,Male,,"High school degree or equivalent (e.g., GED)",White,,Suburban community,,51,Republican Party,,8896123
2018-03-19 6:19:11,2018-03-19 6:20:32,IP Address,100,81,TRUE,2018-03-19 6:20:33,R_BK9DLfufBryEtvH,anonymous,EN,"I consent, begin the study",A1S0F6VZT4N9CP,,,,2.1,5,2.1,,,,,,,Illinois,Female,,Graduate degree,White,,Suburban community,,34,Republican Party,,4491548
2018-03-19 6:19:15,2018-03-19 6:20:39,IP Address,100,83,TRUE,2018-03-19 6:20:39,R_3KL9IHnpj73Er6N,anonymous,EN,"I consent, begin the study",AQM1P6FBDL6YO,,,,9,1.8,9,,,,,,,Georgia,Female,,Some college but no degree,White,,Rural community,,35,Democratic party,,8253864
2018-03-19 6:19:20,2018-03-19 6:20:57,IP Address,100,97,TRUE,2018-03-19 6:20:58,R_1cUFDJdMRALtRgh,anonymous,EN,"I consent, begin the study",A34YHHGWGHRVGM,,,,,,,1.9,4.2,3.2,,,,north carolina,Female,,Some college but no degree,White,,Rural community,,35,Independent,,1308746
2018-03-19 6:19:39,2018-03-19 6:21:16,IP Address,100,96,TRUE,2018-03-19 6:21:16,R_21nWfLPLxjEUTkc,anonymous,EN,"I consent, begin the study",A38KA8KXRLEM7M,9,2.1,6,,,,,,,,,,Arkansas,Male,,Graduate degree,White,,City or urban community,,36,Libertarian Party,,9193376
2018-03-19 6:19:34,2018-03-19 6:21:30,IP Address,100,115,TRUE,2018-03-19 6:21:31,R_28CfoN1mGDVxP4K,anonymous,EN,"I consent, begin the study",A2FWJOSAHFW8P5,,,,,,,,,,8.1,2.5,9,Alabama,Female,,Associate degree,White,,Suburban community,,26,Republican Party,,9025708
2018-03-19 6:21:07,2018-03-19 6:22:43,IP Address,100,95,TRUE,2018-03-19 6:22:43,R_Owm7OH2iXKaT3Tr,anonymous,EN,"I consent, begin the study",A2LCP0T4E23JQS,7,5.1,6,,,,,,,,,,pa,Male,,Some college but no degree,White,,Suburban community,,36,Green Party,,3379242
2018-03-19 6:21:00,2018-03-19 6:23:03,IP Address,100,123,TRUE,2018-03-19 6:23:04,R_cVhn9HwSFn0GNvb,anonymous,EN,"I consent, begin the study",A19IWFLUTW6KQU,,,,7.2,3.8,5.4,,,,,,,michigan,Male,,"High school degree or equivalent (e.g., GED)",White,,Rural community,,53,Independent,,9165612
2018-03-19 6:21:28,2018-03-19 6:23:19,IP Address,100,110,TRUE,2018-03-19 6:23:20,R_UlIT0EcGHjnmXXb,anonymous,EN,"I consent, begin the study",A2E746SZEOVYXS,,,,,,,2,7.1,8,,,,Minnesota,Male,,Bachelor degree,White,,Suburban community,,56,Independent,,7448257
2018-03-19 6:20:42,2018-03-19 6:23:20,IP Address,100,157,TRUE,2018-03-19 6:23:20,R_1plpl3x3jSZHmya,anonymous,EN,"I consent, begin the study",A1BUFAQDX5XRSK,,,,,,,,,,1,9,9,WV,Female,,"High school degree or equivalent (e.g., GED)",White,,Rural community,,65,Democratic party,,804754
2018-03-19 6:22:39,2018-03-19 6:24:00,IP Address,100,80,TRUE,2018-03-19 6:24:01,R_2b327KGRsHAPWyd,anonymous,EN,"I consent, begin the study",A3HGU6NO6U38IN,,,,2,2,8,,,,,,,Pennsylvania,Female,,Bachelor degree,White,,Rural community,,32,Republican Party,,1925508
2018-03-19 6:16:37,2018-03-19 6:25:00,IP Address,100,502,TRUE,2018-03-19 6:25:01,R_5tKSkognLVd4w0h,anonymous,EN,"I consent, begin the study",A1PP6DN7HB6Q9P,7.1,4,7.8,,,,,,,,,,Florida,Male,,Associate degree,Black or African-American,,Suburban community,,26,Independent,,118164
2018-03-19 6:23:12,2018-03-19 6:25:39,IP Address,100,147,TRUE,2018-03-19 6:25:40,R_ue17eP2FefJi0RH,anonymous,EN,"I consent, begin the study",ARJ4XIRNZ1PV1,,,,,,,,,,2,9,7,Pennsylvania,Female,,Graduate degree,White,,City or urban community,,31,Democratic party,,2987940
2018-03-19 6:24:29,2018-03-19 6:25:50,IP Address,100,80,TRUE,2018-03-19 6:25:51,R_1i9754ofLdTehEY,anonymous,EN,"I consent, begin the study",A182SB7NKMHUM9,,,,,,,1.2,8.5,9,,,,colo,Male,,Bachelor degree,White,,City or urban community,,55,Democratic party,,8683705
2018-03-19 6:24:50,2018-03-19 6:26:23,IP Address,100,93,TRUE,2018-03-19 6:26:24,R_pQtlXca04rnPv1L,anonymous,EN,"I consent, begin the study",A3M4T4G9YA061U,,,,,,,,,,2.1,3,6.7,TX,Female,,Some college but no degree,White,,Suburban community,,55,Democratic party,,1924026
2018-03-19 6:24:55,2018-03-19 6:26:29,IP Address,100,94,TRUE,2018-03-19 6:26:30,R_3kdgOJl2CDIpRNX,anonymous,EN,"I consent, begin the study",ARSABS3TFA1GU,7.5,6.9,8.7,,,,,,,,,,PA,Male,,Some college but no degree,White,,Suburban community,,35,Independent,,5796028
2018-03-19 6:25:04,2018-03-19 6:26:34,IP Address,100,89,TRUE,2018-03-19 6:26:34,R_27vAm2bKSNNLtBr,anonymous,EN,"I consent, begin the study",ATSZCAVI441RM,,,,1,9,1,,,,,,,Virginia,Female,,Some college but no degree,Black or African-American,,City or urban community,,28,Independent,,8158934
2018-03-19 6:23:47,2018-03-19 6:27:04,IP Address,100,197,TRUE,2018-03-19 6:27:05,R_BWgsjNzi0B7PDmV,anonymous,EN,"I consent, begin the study",A2ABOMU5VUN9NG,,,,,,,1,9,7.2,,,,Georgia,Female,,Graduate degree,White,,Suburban community,,43,Libertarian Party,,6094638
2018-03-19 6:25:20,2018-03-19 6:27:51,IP Address,100,150,TRUE,2018-03-19 6:27:52,R_2P11dJJ2EQSGlmA,anonymous,EN,"I consent, begin the study",A25YN3P6FC5Q53,,,,,,,1.8,6.1,8.2,,,,Arizona,Female,,Some college but no degree,White,,Suburban community,,50,Independent,,1058103
2018-03-19 6:26:10,2018-03-19 6:27:58,IP Address,100,107,TRUE,2018-03-19 6:27:58,R_3P7UzIOHoH6W7wi,anonymous,EN,"I consent, begin the study",AXSF1L70MQZEA,,,,8,1,9,,,,,,,Florida,Female,,Some college but no degree,White,,Rural community,,39,Democratic party,,8009163
2018-03-19 6:22:23,2018-03-19 6:28:21,IP Address,100,357,TRUE,2018-03-19 6:28:21,R_3hhwOU6yEMXeejx,anonymous,EN,"I consent, begin the study",A30J4IZCMCR31F,5,9,1,,,,,,,,,,co,Female,,Bachelor degree,White,,Suburban community,,32,Democratic party,,879859
2018-03-19 6:27:15,2018-03-19 6:28:58,IP Address,100,102,TRUE,2018-03-19 6:28:59,R_2tDqIFHr2OTFvZW,anonymous,EN,"I consent, begin the study",A3JY3Y5GWS3SYS,,,,,,,,,,8.8,2.3,8.3,Missouri,Female,,Some college but no degree,White,,Suburban community,,46,Republican Party,,4573404
2018-03-19 6:27:46,2018-03-19 6:29:12,IP Address,100,85,TRUE,2018-03-19 6:29:13,R_2ckMk6gjIXKbg3t,anonymous,EN,"I consent, begin the study",A31L5H1AOWJLV1,8,2,9,,,,,,,,,,CT,Male,,Bachelor degree,White,,Suburban community,,27,Republican Party,,859088
2018-03-19 6:26:10,2018-03-19 6:30:07,IP Address,100,236,TRUE,2018-03-19 6:30:08,R_1gUVILTzgIbA136,anonymous,EN,"I consent, begin the study",A26F4V1IL66L6S,,,,3.3,8.9,5.4,,,,,,,PA,Female,,Bachelor degree,White,,Rural community,,26,Republican Party,,954539
2018-03-19 6:28:56,2018-03-19 6:30:29,IP Address,100,93,TRUE,2018-03-19 6:30:30,R_3imT4haNX8RrfBU,anonymous,EN,"I consent, begin the study",A1X79L9S8T2A0Z,,,,,,,,,,1,9,1,florida,Male,,Some college but no degree,White,,Rural community,,25,Republican Party,,8149476
2018-03-19 6:29:20,2018-03-19 6:31:28,IP Address,100,128,TRUE,2018-03-19 6:31:29,R_3FVg0DSL7ZGk3pd,anonymous,EN,"I consent, begin the study",A3FKC2UR61C4T7,,,,,,,,,,7.1,3.8,9,Florida,Female,,"High school degree or equivalent (e.g., GED)",White,,City or urban community,,30,Democratic party,,8556339
2018-03-19 6:27:08,2018-03-19 6:31:31,IP Address,100,263,TRUE,2018-03-19 6:31:32,R_2fCYwRYqd8fIdcC,anonymous,EN,"I consent, begin the study",A2XS5QI4YX493N,,,,,,,7,6,8,,,,Mississippi,Female,,Associate degree,White,,Rural community,,33,Republican Party,,2508803
2018-03-19 6:30:16,2018-03-19 6:31:44,IP Address,100,88,TRUE,2018-03-19 6:31:45,R_3siS2j0MsZDhRIc,anonymous,EN,"I consent, begin the study",ADGE1P244LWYU,,,,2.9,9,6.1,,,,,,,PA,Male,,Associate degree,White,,Suburban community,,30,Republican Party,,4766705
2018-03-19 6:29:56,2018-03-19 6:32:28,IP Address,100,151,TRUE,2018-03-19 6:32:28,R_DkF2OdhOJgd59hT,anonymous,EN,"I consent, begin the study",A21992GZ32431E,6.6,4.8,9,,,,,,,,,,pennsylvania,Female,,Some college but no degree,White,,Suburban community,,23,Democratic party,,4625281
2018-03-19 6:31:40,2018-03-19 6:33:13,IP Address,100,93,TRUE,2018-03-19 6:33:14,R_3MQf4qBYVYF2cVK,anonymous,EN,"I consent, begin the study",A1QHJGHKDIG3T5,,,,,,,9,9,9,,,,Michigan,Female,,Graduate degree,Asian,,Suburban community,,35,Democratic party,,9102134
2018-03-19 6:31:44,2018-03-19 6:33:14,IP Address,100,90,TRUE,2018-03-19 6:33:15,R_2zBeg31JxNsQA8R,anonymous,EN,"I consent, begin the study",AM0QVBV8L6QCJ,,,,9,1.8,9,,,,,,,New York,Male,,Graduate degree,White,,City or urban community,,56,Democratic party,,1884506
2018-03-19 6:31:59,2018-03-19 6:34:28,IP Address,100,149,TRUE,2018-03-19 6:34:29,R_d0ujKAY4FREKKJj,anonymous,EN,"I consent, begin the study",A3O81LHBBI8NPK,,,,,,,,,,9,9,9,TN,Female,,Some college but no degree,White,,Rural community,,33,Independent,,2599183
2018-03-19 6:33:55,2018-03-19 6:35:03,IP Address,100,68,TRUE,2018-03-19 6:35:04,R_1n2PBKI8t1jnYMI,anonymous,EN,"I consent, begin the study",A4D6VUZ9Q850U,6,3.1,5.1,,,,,,,,,,MI,Female,,Bachelor degree,White,,Suburban community,,36,Independent,,6724908
2018-03-19 6:34:17,2018-03-19 6:36:00,IP Address,100,103,TRUE,2018-03-19 6:36:01,R_12Qr3VCIaJU6cik,anonymous,EN,"I consent, begin the study",A3HOBJ4PJUOCUN,,,,,,,2,6.8,8,,,,Pennsylvania,Female,,"High school degree or equivalent (e.g., GED)",White,,Suburban community,,57,Independent,,4918919
2018-03-19 6:35:02,2018-03-19 6:36:38,IP Address,100,96,TRUE,2018-03-19 6:36:39,R_eYaFcT9IFaaMLex,anonymous,EN,"I consent, begin the study",A39YBLQYIUBR76,2,7.3,9,,,,,,,,,,Vermont,Male,,Associate degree,White,,Suburban community,,44,Independent,,9491212
2018-03-19 6:06:01,2018-03-19 6:39:46,IP Address,100,2025,TRUE,2018-03-19 6:39:47,R_2aLlY7mph7SdJYL,anonymous,EN,"I consent, begin the study",A3862RIFFUV141,,,,,,,,,,2.5,6.9,3.3,Florida,Male,,Some college but no degree,White,,City or urban community,,47,Independent,,9999582
2018-03-19 6:28:18,2018-03-19 6:40:41,IP Address,100,742,TRUE,2018-03-19 6:40:42,R_3oWTa5LmpvnuQkC,anonymous,EN,"I consent, begin the study",A13FUEPWBCLBUY,,,,,,,7,9,8,,,,Florida,Male,,Graduate degree,White,,City or urban community,,34,Republican Party,,908336
2018-03-19 6:39:12,2018-03-19 6:41:49,IP Address,100,156,TRUE,2018-03-19 6:41:50,R_1kFkDOPd5k8j5FG,anonymous,EN,"I consent, begin the study",A2BK45LZGGWPLX,,,,6.1,5.1,7,,,,,,,VA,Female,,Graduate degree,White,,Rural community,,61,Democratic party,,9241716
2018-03-19 6:46:36,2018-03-19 6:48:08,IP Address,100,91,TRUE,2018-03-19 6:48:09,R_3oA6BRVqIt6c859,anonymous,EN,"I consent, begin the study",AUXLYFSBRCHZQ,,,,9,4,6.6,,,,,,,wa,Female,,Some college but no degree,White,,Suburban community,,34,Independent,,3607444
2018-03-19 6:28:52,2018-03-19 6:48:17,IP Address,100,1164,TRUE,2018-03-19 6:48:17,R_PM96SMPgOocoP0l,anonymous,EN,"I consent, begin the study",A3pqugiqqpr98,,,,,,,,,,7.1,5.9,4,new york,Male,,Associate degree,White,,City or urban community,,26,Republican Party,,7304167
2018-03-19 6:55:33,2018-03-19 6:56:57,IP Address,100,84,TRUE,2018-03-19 6:56:58,R_1n24YxbzCNnR1LZ,anonymous,EN,"I consent, begin the study",A1XFAUNS2LQL9H,7.7,1.7,7.8,,,,,,,,,,Oklahoma,Male,,Associate degree,White,,City or urban community,,35,Republican Party,,6105708
2018-03-19 7:03:18,2018-03-19 7:05:18,IP Address,100,120,TRUE,2018-03-19 7:05:19,R_2DOYzXMXipSPcDP,anonymous,EN,"I consent, begin the study",A27QBYDLN5V11F,,,,,,,9,5.1,5.1,,,,Georgia,Female,,Associate degree,White,,Rural community,,36,Independent,,1549843
2018-03-19 7:03:38,2018-03-19 7:06:49,IP Address,100,190,TRUE,2018-03-19 7:06:50,R_1GCYGvCcsvFiVFM,anonymous,EN,"I consent, begin the study",A1KFIQBETMB81I,5,9,9,,,,,,,,,,Massachusetts ,Female,,Associate degree,White,,Rural community,,44,Republican Party,,3352708
2018-03-19 7:13:40,2018-03-19 7:15:25,IP Address,100,105,TRUE,2018-03-19 7:15:26,R_3PouFwdoAf6DbOD,anonymous,EN,"I consent, begin the study",ACVEFRSUAPSEQ,,,,,,,,,,5,9,5,PA,Female,,Some college but no degree,White,,Suburban community,,48,Republican Party,,7914508
2018-03-19 7:28:55,2018-03-19 7:29:45,IP Address,100,50,TRUE,2018-03-19 7:29:46,R_3KDXq8mqPTIW4H1,anonymous,EN,"I consent, begin the study",APGX2WZ59OWDN,,,,,,,3.7,7.2,6.1,,,,MI,Female,,Bachelor degree,White,,City or urban community,,24,Democratic party,,8064728
2018-03-19 7:44:35,2018-03-19 7:46:03,IP Address,100,87,TRUE,2018-03-19 7:46:04,R_10GVFGT2KsEU55o,anonymous,EN,"I consent, begin the study",A3DAJROQC1BLNI,,,,,,,7.1,8.6,8.1,,,,Florida,Female,,Bachelor degree,White,,Suburban community,,39,Independent,,7167254
2018-03-19 8:08:25,2018-03-19 8:10:45,IP Address,100,139,TRUE,2018-03-19 8:10:46,R_sQZjJ7xCRZGkRc5,anonymous,EN,"I consent, begin the study",ADXHWQLUQBK77,,,,8,3,6.5,,,,,,,California,Male,,Some college but no degree,White,,City or urban community,,64,Democratic party,,5782508
2018-03-19 8:21:32,2018-03-19 8:23:05,IP Address,100,92,TRUE,2018-03-19 8:23:06,R_1jNilN3ARwKtQqV,anonymous,EN,"I consent, begin the study",A1TGT802ZOOR0,6,3,3,,,,,,,,,,Kentucky,Male,,Bachelor degree,White,,Suburban community,,43,Independent,,654004
2018-03-19 8:22:29,2018-03-19 8:24:42,IP Address,100,132,TRUE,2018-03-19 8:24:43,R_1Dx6QwypGJJS3eG,anonymous,EN,"I consent, begin the study",A3KW8RIWBQ1O7F,,,,,,,,,,6.5,9,6.5,Georgia,Male,,Some college but no degree,Black or African-American,,City or urban community,,25,Democratic party,,654859
2018-03-19 8:30:47,2018-03-19 8:34:57,IP Address,100,249,TRUE,2018-03-19 8:34:58,R_241r74hqpdjcO2Z,anonymous,EN,"I consent, begin the study",A10Z9NV22LNS5A,9,2.9,5.6,,,,,,,,,,Tn,Female,,Bachelor degree,White,,Rural community,,40,Republican Party,,7500525
2018-03-19 8:35:43,2018-03-19 8:37:48,IP Address,100,124,TRUE,2018-03-19 8:37:49,R_1E4lvutMysZ6FfY,anonymous,EN,"I consent, begin the study",A1HN4550TIXQBZ,,,,,,,,,,9,5,1,Texas,Male,,Bachelor degree,Asian,,City or urban community,,30,Democratic party,,3055600
2018-03-19 8:21:54,2018-03-19 8:42:09,IP Address,100,1214,TRUE,2018-03-19 8:42:10,R_2OUeWRUWo9eaSQF,anonymous,EN,"I consent, begin the study",A34EIXOWQY9383,,,,,,,2,7.9,9,,,,Virginia,Male,,Some college but no degree,White,,City or urban community,,29,Republican Party,,3769040
,,,,,,,,,,,Number of values,50,50,50,48,48,48,51,51,51,51,51,51,,Female: 112,,Bachelor degree: 60,White: 170,,City or urban community : 52,,39.43,Democratic party: 68,,
,,,,,,,,,,,Mean ,5.19,5.4,6.998,5.364583333,4.566666667,6.2375,5.094117647,6.345098039,7.039215686,6.464705882,4.698039216,6.91372549,,,,Some college but no degree: 54,Black or African-American: 16,,Suburban community : 97,,36,Republican Party: 56,,
,,,,,,,,,,,Median,5.95,5,7.65,5.3,4,6.55,5.6,6.4,7.9,8,4.2,7.5,,,,"Associate degree: 28
",Asian: 10,,Rural community: 50,,,Independent: 66,,
,,,,,,,,,,,Standard Dev,2.857218928,2.421074142,2.20830161,3.056992639,2.741527352,2.56032428,2.886303815,2.092405851,2.060466198,2.834647229,2.783247517,2.244472042,,,,"High school degree or equivalent (e.g., GED): 19","Spanish, Hispanic, or Latino: 5",,,,,,,
,,,,,,,,,,,,#VALUE!,,,,,,,,,,,,,,,,,,,,,,,
,,,,,,,,,,,1,0.04764197161,,,,,,,,,,,,,,,,,,,,,,,
,,,,,,,,,,,2,0.04764197161,,,,,,,,,,,,,,,,,,,,,,,
,,,,,,,,,,,3,0.1040865239,,,,,,,,,,,,,,,,,,,,,,,
,,,,,,,,,,,4,0.1280263997,,,,,,,,,,,,,,,,,,,,,,,
,,,,,,,,,,,5,0.1393177074,,,,,,,,,,,,,,,,,,,,,,,
,,,,,,,,,,,6,0.1341265841,,,,,,,,,,,,,,,,,,,,,,,
,,,,,,,,,,,7,0.1142418345,,,,,,,,,,,,,,,,,,,,,,,
,,,,,,,,,,,9,0.05739195947,,,,,,,,,,,,,,,,,,,,,,,